--progress is a global compose flag, better use `docker compose --progress xx build ...
time="2026-07-26T23:48:34Z" level=warning msg="/home/docker/atsea-sample-shop-app/docker-compose.yml: the attribute `version` is obsolete, it will be ignored, please remove it to avoid potential confusion"
 Image atsea_app Building 
#1 [internal] load local bake definitions
#1 reading from stdin 570B done
#1 DONE 0.0s

#2 [internal] load build definition from Dockerfile
#2 transferring dockerfile: 726B done
#2 DONE 0.0s

#3 [internal] load metadata for docker.io/library/maven:latest
#3 DONE 1.7s

#4 [internal] load metadata for docker.io/library/node:latest
#4 DONE 1.7s

#5 [internal] load metadata for docker.io/alpine/java:17.0.9-jdk
#5 DONE 1.7s

#6 [internal] load .dockerignore
#6 transferring context: 2B done
#6 DONE 0.0s

#7 [stage-2 1/6] FROM docker.io/alpine/java:17.0.9-jdk@sha256:b19e7dcc715ae0208cad58966820e58f724a827043802c1fc4d54b064736713a
#7 resolve docker.io/alpine/java:17.0.9-jdk@sha256:b19e7dcc715ae0208cad58966820e58f724a827043802c1fc4d54b064736713a 0.0s done
#7 CACHED

#8 [storefront 1/5] FROM docker.io/library/node:latest@sha256:0473e7dc433a1310f436edee02aa79737ec78a4b345433ab0963d4a256f9ad85
#8 resolve docker.io/library/node:latest@sha256:0473e7dc433a1310f436edee02aa79737ec78a4b345433ab0963d4a256f9ad85 0.0s done
#8 DONE 0.0s

#9 [storefront 2/5] WORKDIR /usr/src/atsea/app/react-app
#9 CACHED

#10 [appserver 1/6] FROM docker.io/library/maven:latest@sha256:d5617b9a6307e1b51dc7c55edf09bacb66f1c91fb861949c34a3a0d4e16bd241
#10 resolve docker.io/library/maven:latest@sha256:d5617b9a6307e1b51dc7c55edf09bacb66f1c91fb861949c34a3a0d4e16bd241 0.0s done
#10 DONE 0.0s

#11 [appserver 2/6] WORKDIR /usr/src/atsea
#11 CACHED

#12 [internal] load build context
#12 transferring context: 9.92kB done
#12 DONE 0.0s

#13 [appserver 3/6] COPY pom.xml .
#13 DONE 0.0s

#14 [storefront 3/5] COPY react-app .
#14 DONE 0.1s

#15 [storefront 4/5] RUN npm install
#15 ...

#16 [stage-2 2/6] RUN adduser -Dh /home/gordon gordon
#16 DONE 0.5s

#17 [stage-2 3/6] WORKDIR /static
#17 DONE 0.0s

#18 [appserver 4/6] RUN mvn -B -f pom.xml -s /usr/share/maven/ref/settings-docker.xml dependency:resolve
#18 2.280 [INFO] Scanning for projects...
#18 2.461 [INFO] Downloading from central: https://repo.maven.apache.org/maven2/org/springframework/boot/spring-boot-starter-parent/1.5.3.RELEASE/spring-boot-starter-parent-1.5.3.RELEASE.pom
#18 3.194 [INFO] Downloaded from central: https://repo.maven.apache.org/maven2/org/springframework/boot/spring-boot-starter-parent/1.5.3.RELEASE/spring-boot-starter-parent-1.5.3.RELEASE.pom (7.5 kB at 10 kB/s)
#18 3.222 [INFO] Downloading from central: https://repo.maven.apache.org/maven2/org/springframework/boot/spring-boot-dependencies/1.5.3.RELEASE/spring-boot-dependencies-1.5.3.RELEASE.pom
#18 3.387 [INFO] Downloaded from central: https://repo.maven.apache.org/maven2/org/springframework/boot/spring-boot-dependencies/1.5.3.RELEASE/spring-boot-dependencies-1.5.3.RELEASE.pom (89 kB at 551 kB/s)
#18 3.477 [INFO] Downloading from central: https://repo.maven.apache.org/maven2/com/fasterxml/jackson/jackson-bom/2.8.8/jackson-bom-2.8.8.pom
#18 3.620 [INFO] Downloaded from central: https://repo.maven.apache.org/maven2/com/fasterxml/jackson/jackson-bom/2.8.8/jackson-bom-2.8.8.pom (10 kB at 78 kB/s)
#18 3.629 [INFO] Downloading from central: https://repo.maven.apache.org/maven2/com/fasterxml/jackson/jackson-parent/2.8/jackson-parent-2.8.pom
#18 3.761 [INFO] Downloaded from central: https://repo.maven.apache.org/maven2/com/fasterxml/jackson/jackson-parent/2.8/jackson-parent-2.8.pom (8.0 kB at 61 kB/s)
#18 3.773 [INFO] Downloading from central: https://repo.maven.apache.org/maven2/com/fasterxml/oss-parent/27/oss-parent-27.pom
#18 3.914 [INFO] Downloaded from central: https://repo.maven.apache.org/maven2/com/fasterxml/oss-parent/27/oss-parent-27.pom (20 kB at 140 kB/s)
#18 3.937 [INFO] Downloading from central: https://repo.maven.apache.org/maven2/org/apache/logging/log4j/log4j-bom/2.7/log4j-bom-2.7.pom
#18 4.091 [INFO] Downloaded from central: https://repo.maven.apache.org/maven2/org/apache/logging/log4j/log4j-bom/2.7/log4j-bom-2.7.pom (5.4 kB at 35 kB/s)
#18 4.096 [INFO] Downloading from central: https://repo.maven.apache.org/maven2/org/apache/apache/9/apache-9.pom
#18 4.225 [INFO] Downloaded from central: https://repo.maven.apache.org/maven2/org/apache/apache/9/apache-9.pom (15 kB at 116 kB/s)
#18 4.235 [INFO] Downloading from central: https://repo.maven.apache.org/maven2/org/springframework/spring-framework-bom/4.3.8.RELEASE/spring-framework-bom-4.3.8.RELEASE.pom
#18 4.364 [INFO] Downloaded from central: https://repo.maven.apache.org/maven2/org/springframework/spring-framework-bom/4.3.8.RELEASE/spring-framework-bom-4.3.8.RELEASE.pom (5.1 kB at 39 kB/s)
#18 4.368 [INFO] Downloading from central: https://repo.maven.apache.org/maven2/org/springframework/data/spring-data-releasetrain/Ingalls-SR3/spring-data-releasetrain-Ingalls-SR3.pom
#18 4.506 [INFO] Downloaded from central: https://repo.maven.apache.org/maven2/org/springframework/data/spring-data-releasetrain/Ingalls-SR3/spring-data-releasetrain-Ingalls-SR3.pom (4.6 kB at 34 kB/s)
#18 4.516 [INFO] Downloading from central: https://repo.maven.apache.org/maven2/org/springframework/data/build/spring-data-build/1.9.3.RELEASE/spring-data-build-1.9.3.RELEASE.pom
#18 4.647 [INFO] Downloaded from central: https://repo.maven.apache.org/maven2/org/springframework/data/build/spring-data-build/1.9.3.RELEASE/spring-data-build-1.9.3.RELEASE.pom (5.4 kB at 42 kB/s)
#18 4.650 [INFO] Downloading from central: https://repo.maven.apache.org/maven2/org/springframework/integration/spring-integration-bom/4.3.9.RELEASE/spring-integration-bom-4.3.9.RELEASE.pom
#18 4.803 [INFO] Downloaded from central: https://repo.maven.apache.org/maven2/org/springframework/integration/spring-integration-bom/4.3.9.RELEASE/spring-integration-bom-4.3.9.RELEASE.pom (8.5 kB at 56 kB/s)
#18 4.807 [INFO] Downloading from central: https://repo.maven.apache.org/maven2/org/springframework/security/spring-security-bom/4.2.2.RELEASE/spring-security-bom-4.2.2.RELEASE.pom
#18 4.937 [INFO] Downloaded from central: https://repo.maven.apache.org/maven2/org/springframework/security/spring-security-bom/4.2.2.RELEASE/spring-security-bom-4.2.2.RELEASE.pom (4.3 kB at 33 kB/s)
#18 4.959 [INFO] Downloading from central: https://repo.maven.apache.org/maven2/org/apache/maven/plugins/maven-dependency-plugin/2.10/maven-dependency-plugin-2.10.pom
#18 5.101 [INFO] Downloaded from central: https://repo.maven.apache.org/maven2/org/apache/maven/plugins/maven-dependency-plugin/2.10/maven-dependency-plugin-2.10.pom (12 kB at 84 kB/s)
#18 5.112 [INFO] Downloading from central: https://repo.maven.apache.org/maven2/org/apache/maven/plugins/maven-plugins/27/maven-plugins-27.pom
#18 5.246 [INFO] Downloaded from central: https://repo.maven.apache.org/maven2/org/apache/maven/plugins/maven-plugins/27/maven-plugins-27.pom (11 kB at 84 kB/s)
#18 5.258 [INFO] Downloading from central: https://repo.maven.apache.org/maven2/org/apache/maven/maven-parent/26/maven-parent-26.pom
#18 5.385 [INFO] Downloaded from central: https://repo.maven.apache.org/maven2/org/apache/maven/maven-parent/26/maven-parent-26.pom (40 kB at 308 kB/s)
#18 5.389 [INFO] Downloading from central: https://repo.maven.apache.org/maven2/org/apache/apache/16/apache-16.pom
#18 5.518 [INFO] Downloaded from central: https://repo.maven.apache.org/maven2/org/apache/apache/16/apache-16.pom (15 kB at 121 kB/s)
#18 5.528 [INFO] Downloading from central: https://repo.maven.apache.org/maven2/org/apache/maven/plugins/maven-dependency-plugin/2.10/maven-dependency-plugin-2.10.jar
#18 5.871 [INFO] Downloaded from central: https://repo.maven.apache.org/maven2/org/apache/maven/plugins/maven-dependency-plugin/2.10/maven-dependency-plugin-2.10.jar (160 kB at 466 kB/s)
#18 5.896 [INFO] 
#18 5.897 [INFO] -----------------------< com.docker.atsea:AtSea >-----------------------
#18 5.897 [INFO] Building atsea 0.0.1-SNAPSHOT
#18 5.901 [INFO]   from pom.xml
#18 5.901 [INFO] --------------------------------[ jar ]---------------------------------
#18 5.925 [INFO] Downloading from central: https://repo.maven.apache.org/maven2/org/springframework/boot/spring-boot-starter-web/1.5.3.RELEASE/spring-boot-starter-web-1.5.3.RELEASE.pom
#18 6.063 [INFO] Downloaded from central: https://repo.maven.apache.org/maven2/org/springframework/boot/spring-boot-starter-web/1.5.3.RELEASE/spring-boot-starter-web-1.5.3.RELEASE.pom (1.7 kB at 12 kB/s)
#18 6.067 [INFO] Downloading from central: https://repo.maven.apache.org/maven2/org/springframework/boot/spring-boot-starters/1.5.3.RELEASE/spring-boot-starters-1.5.3.RELEASE.pom
#18 6.200 [INFO] Downloaded from central: https://repo.maven.apache.org/maven2/org/springframework/boot/spring-boot-starters/1.5.3.RELEASE/spring-boot-starters-1.5.3.RELEASE.pom (6.4 kB at 48 kB/s)
#18 6.203 [INFO] Downloading from central: https://repo.maven.apache.org/maven2/org/springframework/boot/spring-boot-parent/1.5.3.RELEASE/spring-boot-parent-1.5.3.RELEASE.pom
#18 6.330 [INFO] Downloaded from central: https://repo.maven.apache.org/maven2/org/springframework/boot/spring-boot-parent/1.5.3.RELEASE/spring-boot-parent-1.5.3.RELEASE.pom (27 kB at 213 kB/s)
#18 6.340 [INFO] Downloading from central: https://repo.maven.apache.org/maven2/org/springframework/boot/spring-boot-starter/1.5.3.RELEASE/spring-boot-starter-1.5.3.RELEASE.pom
#18 6.471 [INFO] Downloaded from central: https://repo.maven.apache.org/maven2/org/springframework/boot/spring-boot-starter/1.5.3.RELEASE/spring-boot-starter-1.5.3.RELEASE.pom (1.7 kB at 13 kB/s)
#18 6.483 [INFO] Downloading from central: https://repo.maven.apache.org/maven2/org/springframework/boot/spring-boot/1.5.3.RELEASE/spring-boot-1.5.3.RELEASE.pom
#18 6.622 [INFO] Downloaded from central: https://repo.maven.apache.org/maven2/org/springframework/boot/spring-boot/1.5.3.RELEASE/spring-boot-1.5.3.RELEASE.pom (10 kB at 74 kB/s)
#18 6.628 [INFO] Downloading from central: https://repo.maven.apache.org/maven2/org/springframework/spring-core/4.3.8.RELEASE/spring-core-4.3.8.RELEASE.pom
#18 6.760 [INFO] Downloaded from central: https://repo.maven.apache.org/maven2/org/springframework/spring-core/4.3.8.RELEASE/spring-core-4.3.8.RELEASE.pom (2.5 kB at 19 kB/s)
#18 6.765 [INFO] Downloading from central: https://repo.maven.apache.org/maven2/org/springframework/spring-context/4.3.8.RELEASE/spring-context-4.3.8.RELEASE.pom
#18 6.902 [INFO] Downloaded from central: https://repo.maven.apache.org/maven2/org/springframework/spring-context/4.3.8.RELEASE/spring-context-4.3.8.RELEASE.pom (5.0 kB at 37 kB/s)
#18 6.909 [INFO] Downloading from central: https://repo.maven.apache.org/maven2/org/springframework/spring-aop/4.3.8.RELEASE/spring-aop-4.3.8.RELEASE.pom
#18 7.049 [INFO] Downloaded from central: https://repo.maven.apache.org/maven2/org/springframework/spring-aop/4.3.8.RELEASE/spring-aop-4.3.8.RELEASE.pom (2.7 kB at 19 kB/s)
#18 7.052 [INFO] Downloading from central: https://repo.maven.apache.org/maven2/org/springframework/spring-beans/4.3.8.RELEASE/spring-beans-4.3.8.RELEASE.pom
#18 7.193 [INFO] Downloaded from central: https://repo.maven.apache.org/maven2/org/springframework/spring-beans/4.3.8.RELEASE/spring-beans-4.3.8.RELEASE.pom (2.5 kB at 18 kB/s)
#18 7.197 [INFO] Downloading from central: https://repo.maven.apache.org/maven2/org/springframework/spring-expression/4.3.8.RELEASE/spring-expression-4.3.8.RELEASE.pom
#18 7.324 [INFO] Downloaded from central: https://repo.maven.apache.org/maven2/org/springframework/spring-expression/4.3.8.RELEASE/spring-expression-4.3.8.RELEASE.pom (1.7 kB at 13 kB/s)
#18 7.329 [INFO] Downloading from central: https://repo.maven.apache.org/maven2/org/springframework/boot/spring-boot-autoconfigure/1.5.3.RELEASE/spring-boot-autoconfigure-1.5.3.RELEASE.pom
#18 7.459 [INFO] Downloaded from central: https://repo.maven.apache.org/maven2/org/springframework/boot/spring-boot-autoconfigure/1.5.3.RELEASE/spring-boot-autoconfigure-1.5.3.RELEASE.pom (21 kB at 158 kB/s)
#18 7.473 [INFO] Downloading from central: https://repo.maven.apache.org/maven2/org/springframework/boot/spring-boot-starter-logging/1.5.3.RELEASE/spring-boot-starter-logging-1.5.3.RELEASE.pom
#18 7.607 [INFO] Downloaded from central: https://repo.maven.apache.org/maven2/org/springframework/boot/spring-boot-starter-logging/1.5.3.RELEASE/spring-boot-starter-logging-1.5.3.RELEASE.pom (1.3 kB at 9.8 kB/s)
#18 7.621 [INFO] Downloading from central: https://repo.maven.apache.org/maven2/ch/qos/logback/logback-classic/1.1.11/logback-classic-1.1.11.pom
#18 7.751 [INFO] Downloaded from central: https://repo.maven.apache.org/maven2/ch/qos/logback/logback-classic/1.1.11/logback-classic-1.1.11.pom (13 kB at 101 kB/s)
#18 7.756 [INFO] Downloading from central: https://repo.maven.apache.org/maven2/ch/qos/logback/logback-parent/1.1.11/logback-parent-1.1.11.pom
#18 7.894 [INFO] Downloaded from central: https://repo.maven.apache.org/maven2/ch/qos/logback/logback-parent/1.1.11/logback-parent-1.1.11.pom (18 kB at 130 kB/s)
#18 7.899 [INFO] Downloading from central: https://repo.maven.apache.org/maven2/ch/qos/logback/logback-core/1.1.11/logback-core-1.1.11.pom
#18 8.033 [INFO] Downloaded from central: https://repo.maven.apache.org/maven2/ch/qos/logback/logback-core/1.1.11/logback-core-1.1.11.pom (4.4 kB at 33 kB/s)
#18 8.040 [INFO] Downloading from central: https://repo.maven.apache.org/maven2/org/slf4j/slf4j-api/1.7.25/slf4j-api-1.7.25.pom
#18 8.171 [INFO] Downloaded from central: https://repo.maven.apache.org/maven2/org/slf4j/slf4j-api/1.7.25/slf4j-api-1.7.25.pom (3.8 kB at 29 kB/s)
#18 8.176 [INFO] Downloading from central: https://repo.maven.apache.org/maven2/org/slf4j/slf4j-parent/1.7.25/slf4j-parent-1.7.25.pom
#18 8.304 [INFO] Downloaded from central: https://repo.maven.apache.org/maven2/org/slf4j/slf4j-parent/1.7.25/slf4j-parent-1.7.25.pom (14 kB at 104 kB/s)
#18 8.308 [INFO] Downloading from central: https://repo.maven.apache.org/maven2/org/slf4j/jcl-over-slf4j/1.7.25/jcl-over-slf4j-1.7.25.pom
#18 8.433 [INFO] Downloaded from central: https://repo.maven.apache.org/maven2/org/slf4j/jcl-over-slf4j/1.7.25/jcl-over-slf4j-1.7.25.pom (959 B at 7.8 kB/s)
#18 8.441 [INFO] Downloading from central: https://repo.maven.apache.org/maven2/org/slf4j/jul-to-slf4j/1.7.25/jul-to-slf4j-1.7.25.pom
#18 8.571 [INFO] Downloaded from central: https://repo.maven.apache.org/maven2/org/slf4j/jul-to-slf4j/1.7.25/jul-to-slf4j-1.7.25.pom (986 B at 7.6 kB/s)
#18 8.593 [INFO] Downloading from central: https://repo.maven.apache.org/maven2/org/slf4j/log4j-over-slf4j/1.7.25/log4j-over-slf4j-1.7.25.pom
#18 8.723 [INFO] Downloaded from central: https://repo.maven.apache.org/maven2/org/slf4j/log4j-over-slf4j/1.7.25/log4j-over-slf4j-1.7.25.pom (1.1 kB at 8.7 kB/s)
#18 8.728 [INFO] Downloading from central: https://repo.maven.apache.org/maven2/org/yaml/snakeyaml/1.17/snakeyaml-1.17.pom
#18 8.854 [INFO] Downloaded from central: https://repo.maven.apache.org/maven2/org/yaml/snakeyaml/1.17/snakeyaml-1.17.pom (28 kB at 221 kB/s)
#18 8.858 [INFO] Downloading from central: https://repo.maven.apache.org/maven2/org/springframework/boot/spring-boot-starter-tomcat/1.5.3.RELEASE/spring-boot-starter-tomcat-1.5.3.RELEASE.pom
#18 8.997 [INFO] Downloaded from central: https://repo.maven.apache.org/maven2/org/springframework/boot/spring-boot-starter-tomcat/1.5.3.RELEASE/spring-boot-starter-tomcat-1.5.3.RELEASE.pom (1.3 kB at 9.6 kB/s)
#18 9.008 [INFO] Downloading from central: https://repo.maven.apache.org/maven2/org/apache/tomcat/embed/tomcat-embed-core/8.5.14/tomcat-embed-core-8.5.14.pom
#18 9.141 [INFO] Downloaded from central: https://repo.maven.apache.org/maven2/org/apache/tomcat/embed/tomcat-embed-core/8.5.14/tomcat-embed-core-8.5.14.pom (1.3 kB at 10.0 kB/s)
#18 9.147 [INFO] Downloading from central: https://repo.maven.apache.org/maven2/org/apache/tomcat/embed/tomcat-embed-el/8.5.14/tomcat-embed-el-8.5.14.pom
#18 9.295 [INFO] Downloaded from central: https://repo.maven.apache.org/maven2/org/apache/tomcat/embed/tomcat-embed-el/8.5.14/tomcat-embed-el-8.5.14.pom (1.3 kB at 9.0 kB/s)
#18 9.299 [INFO] Downloading from central: https://repo.maven.apache.org/maven2/org/apache/tomcat/embed/tomcat-embed-websocket/8.5.14/tomcat-embed-websocket-8.5.14.pom
#18 9.436 [INFO] Downloaded from central: https://repo.maven.apache.org/maven2/org/apache/tomcat/embed/tomcat-embed-websocket/8.5.14/tomcat-embed-websocket-8.5.14.pom (1.6 kB at 12 kB/s)
#18 9.441 [INFO] Downloading from central: https://repo.maven.apache.org/maven2/org/hibernate/hibernate-validator/5.3.5.Final/hibernate-validator-5.3.5.Final.pom
#18 9.581 [INFO] Downloaded from central: https://repo.maven.apache.org/maven2/org/hibernate/hibernate-validator/5.3.5.Final/hibernate-validator-5.3.5.Final.pom (16 kB at 113 kB/s)
#18 9.585 [INFO] Downloading from central: https://repo.maven.apache.org/maven2/org/hibernate/hibernate-validator-parent/5.3.5.Final/hibernate-validator-parent-5.3.5.Final.pom
#18 9.733 [INFO] Downloaded from central: https://repo.maven.apache.org/maven2/org/hibernate/hibernate-validator-parent/5.3.5.Final/hibernate-validator-parent-5.3.5.Final.pom (44 kB at 305 kB/s)
#18 9.733 [INFO] Downloading from central: https://repo.maven.apache.org/maven2/org/jboss/arquillian/arquillian-bom/1.1.11.Final/arquillian-bom-1.1.11.Final.pom
#18 9.877 [INFO] Downloaded from central: https://repo.maven.apache.org/maven2/org/jboss/arquillian/arquillian-bom/1.1.11.Final/arquillian-bom-1.1.11.Final.pom (11 kB at 74 kB/s)
#18 9.893 [INFO] Downloading from central: https://repo.maven.apache.org/maven2/org/jboss/shrinkwrap/shrinkwrap-bom/1.2.3/shrinkwrap-bom-1.2.3.pom
#18 10.03 [INFO] Downloaded from central: https://repo.maven.apache.org/maven2/org/jboss/shrinkwrap/shrinkwrap-bom/1.2.3/shrinkwrap-bom-1.2.3.pom (4.0 kB at 29 kB/s)
#18 10.03 [INFO] Downloading from central: https://repo.maven.apache.org/maven2/org/jboss/shrinkwrap/resolver/shrinkwrap-resolver-bom/2.2.0/shrinkwrap-resolver-bom-2.2.0.pom
#18 10.46 [INFO] Downloaded from central: https://repo.maven.apache.org/maven2/org/jboss/shrinkwrap/resolver/shrinkwrap-resolver-bom/2.2.0/shrinkwrap-resolver-bom-2.2.0.pom (5.3 kB at 12 kB/s)
#18 10.47 [INFO] Downloading from central: https://repo.maven.apache.org/maven2/org/jboss/shrinkwrap/descriptors/shrinkwrap-descriptors-bom/2.0.0-alpha-8/shrinkwrap-descriptors-bom-2.0.0-alpha-8.pom
#18 10.60 [INFO] Downloaded from central: https://repo.maven.apache.org/maven2/org/jboss/shrinkwrap/descriptors/shrinkwrap-descriptors-bom/2.0.0-alpha-8/shrinkwrap-descriptors-bom-2.0.0-alpha-8.pom (5.2 kB at 39 kB/s)
#18 10.61 [INFO] Downloading from central: https://repo.maven.apache.org/maven2/javax/validation/validation-api/1.1.0.Final/validation-api-1.1.0.Final.pom
#18 10.74 [INFO] Downloaded from central: https://repo.maven.apache.org/maven2/javax/validation/validation-api/1.1.0.Final/validation-api-1.1.0.Final.pom (7.9 kB at 60 kB/s)
#18 10.74 [INFO] Downloading from central: https://repo.maven.apache.org/maven2/org/jboss/logging/jboss-logging/3.3.1.Final/jboss-logging-3.3.1.Final.pom
#18 10.88 [INFO] Downloaded from central: https://repo.maven.apache.org/maven2/org/jboss/logging/jboss-logging/3.3.1.Final/jboss-logging-3.3.1.Final.pom (5.9 kB at 44 kB/s)
#18 10.88 [INFO] Downloading from central: https://repo.maven.apache.org/maven2/org/jboss/jboss-parent/15/jboss-parent-15.pom
#18 11.02 [INFO] Downloaded from central: https://repo.maven.apache.org/maven2/org/jboss/jboss-parent/15/jboss-parent-15.pom (32 kB at 220 kB/s)
#18 11.03 [INFO] Downloading from central: https://repo.maven.apache.org/maven2/com/fasterxml/classmate/1.3.3/classmate-1.3.3.pom
#18 11.16 [INFO] Downloaded from central: https://repo.maven.apache.org/maven2/com/fasterxml/classmate/1.3.3/classmate-1.3.3.pom (5.4 kB at 42 kB/s)
#18 11.16 [INFO] Downloading from central: https://repo.maven.apache.org/maven2/com/fasterxml/oss-parent/24/oss-parent-24.pom
#18 11.29 [INFO] Downloaded from central: https://repo.maven.apache.org/maven2/com/fasterxml/oss-parent/24/oss-parent-24.pom (19 kB at 148 kB/s)
#18 11.30 [INFO] Downloading from central: https://repo.maven.apache.org/maven2/com/fasterxml/jackson/core/jackson-databind/2.8.8/jackson-databind-2.8.8.pom
#18 11.43 [INFO] Downloaded from central: https://repo.maven.apache.org/maven2/com/fasterxml/jackson/core/jackson-databind/2.8.8/jackson-databind-2.8.8.pom (5.4 kB at 42 kB/s)
#18 11.43 [INFO] Downloading from central: https://repo.maven.apache.org/maven2/com/fasterxml/jackson/core/jackson-annotations/2.8.0/jackson-annotations-2.8.0.pom
#18 11.56 [INFO] Downloaded from central: https://repo.maven.apache.org/maven2/com/fasterxml/jackson/core/jackson-annotations/2.8.0/jackson-annotations-2.8.0.pom (1.8 kB at 14 kB/s)
#18 11.57 [INFO] Downloading from central: https://repo.maven.apache.org/maven2/com/fasterxml/jackson/core/jackson-core/2.8.8/jackson-core-2.8.8.pom
#18 11.72 [INFO] Downloaded from central: https://repo.maven.apache.org/maven2/com/fasterxml/jackson/core/jackson-core/2.8.8/jackson-core-2.8.8.pom (5.4 kB at 36 kB/s)
#18 11.72 [INFO] Downloading from central: https://repo.maven.apache.org/maven2/org/springframework/spring-web/4.3.8.RELEASE/spring-web-4.3.8.RELEASE.pom
#18 11.85 [INFO] Downloaded from central: https://repo.maven.apache.org/maven2/org/springframework/spring-web/4.3.8.RELEASE/spring-web-4.3.8.RELEASE.pom (7.9 kB at 62 kB/s)
#18 11.86 [INFO] Downloading from central: https://repo.maven.apache.org/maven2/org/springframework/spring-webmvc/4.3.8.RELEASE/spring-webmvc-4.3.8.RELEASE.pom
#18 11.99 [INFO] Downloaded from central: https://repo.maven.apache.org/maven2/org/springframework/spring-webmvc/4.3.8.RELEASE/spring-webmvc-4.3.8.RELEASE.pom (10.0 kB at 75 kB/s)
#18 11.99 [INFO] Downloading from central: https://repo.maven.apache.org/maven2/org/springframework/spring-core/4.3.9.RELEASE/spring-core-4.3.9.RELEASE.pom
#18 12.14 [INFO] Downloaded from central: https://repo.maven.apache.org/maven2/org/springframework/spring-core/4.3.9.RELEASE/spring-core-4.3.9.RELEASE.pom (2.5 kB at 17 kB/s)
#18 12.14 [INFO] Downloading from central: https://repo.maven.apache.org/maven2/org/springframework/boot/spring-boot-starter-freemarker/1.5.3.RELEASE/spring-boot-starter-freemarker-1.5.3.RELEASE.pom
#18 12.27 [INFO] Downloaded from central: https://repo.maven.apache.org/maven2/org/springframework/boot/spring-boot-starter-freemarker/1.5.3.RELEASE/spring-boot-starter-freemarker-1.5.3.RELEASE.pom (1.4 kB at 11 kB/s)
#18 12.28 [INFO] Downloading from central: https://repo.maven.apache.org/maven2/org/freemarker/freemarker/2.3.26-incubating/freemarker-2.3.26-incubating.pom
#18 12.42 [INFO] Downloaded from central: https://repo.maven.apache.org/maven2/org/freemarker/freemarker/2.3.26-incubating/freemarker-2.3.26-incubating.pom (3.5 kB at 26 kB/s)
#18 12.42 [INFO] Downloading from central: https://repo.maven.apache.org/maven2/org/apache/apache/17/apache-17.pom
#18 12.56 [INFO] Downloaded from central: https://repo.maven.apache.org/maven2/org/apache/apache/17/apache-17.pom (16 kB at 116 kB/s)
#18 12.56 [INFO] Downloading from central: https://repo.maven.apache.org/maven2/org/springframework/spring-context-support/4.3.8.RELEASE/spring-context-support-4.3.8.RELEASE.pom
#18 12.73 [INFO] Downloaded from central: https://repo.maven.apache.org/maven2/org/springframework/spring-context-support/4.3.8.RELEASE/spring-context-support-4.3.8.RELEASE.pom (5.7 kB at 34 kB/s)
#18 12.74 [INFO] Downloading from central: https://repo.maven.apache.org/maven2/org/springframework/boot/spring-boot-starter-data-jpa/1.5.3.RELEASE/spring-boot-starter-data-jpa-1.5.3.RELEASE.pom
#18 12.86 [INFO] Downloaded from central: https://repo.maven.apache.org/maven2/org/springframework/boot/spring-boot-starter-data-jpa/1.5.3.RELEASE/spring-boot-starter-data-jpa-1.5.3.RELEASE.pom (2.9 kB at 23 kB/s)
#18 12.87 [INFO] Downloading from central: https://repo.maven.apache.org/maven2/org/springframework/boot/spring-boot-starter-aop/1.5.3.RELEASE/spring-boot-starter-aop-1.5.3.RELEASE.pom
#18 13.01 [INFO] Downloaded from central: https://repo.maven.apache.org/maven2/org/springframework/boot/spring-boot-starter-aop/1.5.3.RELEASE/spring-boot-starter-aop-1.5.3.RELEASE.pom (1.2 kB at 8.7 kB/s)
#18 13.02 [INFO] Downloading from central: https://repo.maven.apache.org/maven2/org/aspectj/aspectjweaver/1.8.10/aspectjweaver-1.8.10.pom
#18 13.16 [INFO] Downloaded from central: https://repo.maven.apache.org/maven2/org/aspectj/aspectjweaver/1.8.10/aspectjweaver-1.8.10.pom (1.0 kB at 7.5 kB/s)
#18 13.16 [INFO] Downloading from central: https://repo.maven.apache.org/maven2/org/springframework/boot/spring-boot-starter-jdbc/1.5.3.RELEASE/spring-boot-starter-jdbc-1.5.3.RELEASE.pom
#18 13.29 [INFO] Downloaded from central: https://repo.maven.apache.org/maven2/org/springframework/boot/spring-boot-starter-jdbc/1.5.3.RELEASE/spring-boot-starter-jdbc-1.5.3.RELEASE.pom (1.2 kB at 9.5 kB/s)
#18 13.30 [INFO] Downloading from central: https://repo.maven.apache.org/maven2/org/apache/tomcat/tomcat-jdbc/8.5.14/tomcat-jdbc-8.5.14.pom
#18 13.43 [INFO] Downloaded from central: https://repo.maven.apache.org/maven2/org/apache/tomcat/tomcat-jdbc/8.5.14/tomcat-jdbc-8.5.14.pom (1.5 kB at 12 kB/s)
#18 13.44 [INFO] Downloading from central: https://repo.maven.apache.org/maven2/org/apache/tomcat/tomcat-juli/8.5.14/tomcat-juli-8.5.14.pom
#18 13.60 [INFO] Downloaded from central: https://repo.maven.apache.org/maven2/org/apache/tomcat/tomcat-juli/8.5.14/tomcat-juli-8.5.14.pom (1.3 kB at 7.9 kB/s)
#18 13.61 [INFO] Downloading from central: https://repo.maven.apache.org/maven2/org/springframework/spring-jdbc/4.3.8.RELEASE/spring-jdbc-4.3.8.RELEASE.pom
#18 13.74 [INFO] Downloaded from central: https://repo.maven.apache.org/maven2/org/springframework/spring-jdbc/4.3.8.RELEASE/spring-jdbc-4.3.8.RELEASE.pom (3.5 kB at 27 kB/s)
#18 13.75 [INFO] Downloading from central: https://repo.maven.apache.org/maven2/org/springframework/spring-tx/4.3.8.RELEASE/spring-tx-4.3.8.RELEASE.pom
#18 13.88 [INFO] Downloaded from central: https://repo.maven.apache.org/maven2/org/springframework/spring-tx/4.3.8.RELEASE/spring-tx-4.3.8.RELEASE.pom (3.1 kB at 24 kB/s)
#18 13.89 [INFO] Downloading from central: https://repo.maven.apache.org/maven2/org/hibernate/hibernate-core/5.0.12.Final/hibernate-core-5.0.12.Final.pom
#18 14.02 [INFO] Downloaded from central: https://repo.maven.apache.org/maven2/org/hibernate/hibernate-core/5.0.12.Final/hibernate-core-5.0.12.Final.pom (3.1 kB at 23 kB/s)
#18 14.03 [INFO] Downloading from central: https://repo.maven.apache.org/maven2/org/hibernate/javax/persistence/hibernate-jpa-2.1-api/1.0.0.Final/hibernate-jpa-2.1-api-1.0.0.Final.pom
#18 14.18 [INFO] Downloaded from central: https://repo.maven.apache.org/maven2/org/hibernate/javax/persistence/hibernate-jpa-2.1-api/1.0.0.Final/hibernate-jpa-2.1-api-1.0.0.Final.pom (2.2 kB at 15 kB/s)
#18 14.18 [INFO] Downloading from central: https://repo.maven.apache.org/maven2/org/javassist/javassist/3.21.0-GA/javassist-3.21.0-GA.pom
#18 14.32 [INFO] Downloaded from central: https://repo.maven.apache.org/maven2/org/javassist/javassist/3.21.0-GA/javassist-3.21.0-GA.pom (9.8 kB at 76 kB/s)
#18 14.32 [WARNING] 1 problem was encountered while building the effective model for org.javassist:javassist:jar:3.21.0-GA during dependency collection step for project (use -X to see details)
#18 14.32 [INFO] Downloading from central: https://repo.maven.apache.org/maven2/antlr/antlr/2.7.7/antlr-2.7.7.pom
#18 14.45 [INFO] Downloaded from central: https://repo.maven.apache.org/maven2/antlr/antlr/2.7.7/antlr-2.7.7.pom (632 B at 4.8 kB/s)
#18 14.46 [INFO] Downloading from central: https://repo.maven.apache.org/maven2/org/jboss/jandex/2.0.0.Final/jandex-2.0.0.Final.pom
#18 14.60 [INFO] Downloaded from central: https://repo.maven.apache.org/maven2/org/jboss/jandex/2.0.0.Final/jandex-2.0.0.Final.pom (5.7 kB at 40 kB/s)
#18 14.61 [INFO] Downloading from central: https://repo.maven.apache.org/maven2/org/jboss/jboss-parent/12/jboss-parent-12.pom
#18 14.76 [INFO] Downloaded from central: https://repo.maven.apache.org/maven2/org/jboss/jboss-parent/12/jboss-parent-12.pom (32 kB at 215 kB/s)
#18 14.76 [INFO] Downloading from central: https://repo.maven.apache.org/maven2/dom4j/dom4j/1.6.1/dom4j-1.6.1.pom
#18 14.89 [INFO] Downloaded from central: https://repo.maven.apache.org/maven2/dom4j/dom4j/1.6.1/dom4j-1.6.1.pom (6.8 kB at 55 kB/s)
#18 14.89 [INFO] Downloading from central: https://repo.maven.apache.org/maven2/org/hibernate/common/hibernate-commons-annotations/5.0.1.Final/hibernate-commons-annotations-5.0.1.Final.pom
#18 15.03 [INFO] Downloaded from central: https://repo.maven.apache.org/maven2/org/hibernate/common/hibernate-commons-annotations/5.0.1.Final/hibernate-commons-annotations-5.0.1.Final.pom (1.9 kB at 14 kB/s)
#18 15.04 [INFO] Downloading from central: https://repo.maven.apache.org/maven2/org/hibernate/hibernate-entitymanager/5.0.12.Final/hibernate-entitymanager-5.0.12.Final.pom
#18 15.19 [INFO] Downloaded from central: https://repo.maven.apache.org/maven2/org/hibernate/hibernate-entitymanager/5.0.12.Final/hibernate-entitymanager-5.0.12.Final.pom (3.0 kB at 21 kB/s)
#18 15.19 [INFO] Downloading from central: https://repo.maven.apache.org/maven2/javax/transaction/javax.transaction-api/1.2/javax.transaction-api-1.2.pom
#18 15.32 [INFO] Downloaded from central: https://repo.maven.apache.org/maven2/javax/transaction/javax.transaction-api/1.2/javax.transaction-api-1.2.pom (14 kB at 104 kB/s)
#18 15.33 [INFO] Downloading from central: https://repo.maven.apache.org/maven2/net/java/jvnet-parent/3/jvnet-parent-3.pom
#18 15.47 [INFO] Downloaded from central: https://repo.maven.apache.org/maven2/net/java/jvnet-parent/3/jvnet-parent-3.pom (4.8 kB at 34 kB/s)
#18 15.47 [INFO] Downloading from central: https://repo.maven.apache.org/maven2/org/springframework/data/spring-data-jpa/1.11.3.RELEASE/spring-data-jpa-1.11.3.RELEASE.pom
#18 15.61 [INFO] Downloaded from central: https://repo.maven.apache.org/maven2/org/springframework/data/spring-data-jpa/1.11.3.RELEASE/spring-data-jpa-1.11.3.RELEASE.pom (17 kB at 124 kB/s)
#18 15.62 [INFO] Downloading from central: https://repo.maven.apache.org/maven2/org/springframework/data/build/spring-data-parent/1.9.3.RELEASE/spring-data-parent-1.9.3.RELEASE.pom
#18 15.74 [INFO] Downloaded from central: https://repo.maven.apache.org/maven2/org/springframework/data/build/spring-data-parent/1.9.3.RELEASE/spring-data-parent-1.9.3.RELEASE.pom (24 kB at 194 kB/s)
#18 15.75 [INFO] Downloading from central: https://repo.maven.apache.org/maven2/org/springframework/data/spring-data-commons/1.13.3.RELEASE/spring-data-commons-1.13.3.RELEASE.pom
#18 15.88 [INFO] Downloaded from central: https://repo.maven.apache.org/maven2/org/springframework/data/spring-data-commons/1.13.3.RELEASE/spring-data-commons-1.13.3.RELEASE.pom (7.9 kB at 61 kB/s)
#18 15.88 [INFO] Downloading from central: https://repo.maven.apache.org/maven2/org/springframework/spring-orm/4.3.8.RELEASE/spring-orm-4.3.8.RELEASE.pom
#18 16.02 [INFO] Downloaded from central: https://repo.maven.apache.org/maven2/org/springframework/spring-orm/4.3.8.RELEASE/spring-orm-4.3.8.RELEASE.pom (5.9 kB at 42 kB/s)
#18 16.03 [INFO] Downloading from central: https://repo.maven.apache.org/maven2/org/springframework/spring-aspects/4.3.8.RELEASE/spring-aspects-4.3.8.RELEASE.pom
#18 16.17 [INFO] Downloaded from central: https://repo.maven.apache.org/maven2/org/springframework/spring-aspects/4.3.8.RELEASE/spring-aspects-4.3.8.RELEASE.pom (3.6 kB at 26 kB/s)
#18 16.18 [INFO] Downloading from central: https://repo.maven.apache.org/maven2/com/zaxxer/HikariCP/2.5.1/HikariCP-2.5.1.pom
#18 16.31 [INFO] Downloaded from central: https://repo.maven.apache.org/maven2/com/zaxxer/HikariCP/2.5.1/HikariCP-2.5.1.pom (18 kB at 137 kB/s)
#18 16.32 [INFO] Downloading from central: https://repo.maven.apache.org/maven2/org/sonatype/oss/oss-parent/9/oss-parent-9.pom
#18 16.45 [INFO] Downloaded from central: https://repo.maven.apache.org/maven2/org/sonatype/oss/oss-parent/9/oss-parent-9.pom (6.6 kB at 49 kB/s)
#18 16.46 [INFO] Downloading from central: https://repo.maven.apache.org/maven2/com/h2database/h2/1.4.187/h2-1.4.187.pom
#18 16.59 [INFO] Downloaded from central: https://repo.maven.apache.org/maven2/com/h2database/h2/1.4.187/h2-1.4.187.pom (391 B at 2.9 kB/s)
#18 16.59 [INFO] Downloading from central: https://repo.maven.apache.org/maven2/org/postgresql/postgresql/9.4.1212.jre7/postgresql-9.4.1212.jre7.pom
#18 16.74 [INFO] Downloaded from central: https://repo.maven.apache.org/maven2/org/postgresql/postgresql/9.4.1212.jre7/postgresql-9.4.1212.jre7.pom (5.1 kB at 34 kB/s)
#18 16.74 [INFO] Downloading from central: https://repo.maven.apache.org/maven2/org/postgresql/pgjdbc-core-prevjre/1.1.2/pgjdbc-core-prevjre-1.1.2.pom
#18 16.88 [INFO] Downloaded from central: https://repo.maven.apache.org/maven2/org/postgresql/pgjdbc-core-prevjre/1.1.2/pgjdbc-core-prevjre-1.1.2.pom (7.0 kB at 54 kB/s)
#18 16.88 [INFO] Downloading from central: https://repo.maven.apache.org/maven2/org/postgresql/pgjdbc-core-parent/1.1.2/pgjdbc-core-parent-1.1.2.pom
#18 17.01 [INFO] Downloaded from central: https://repo.maven.apache.org/maven2/org/postgresql/pgjdbc-core-parent/1.1.2/pgjdbc-core-parent-1.1.2.pom (16 kB at 126 kB/s)
#18 17.01 [INFO] Downloading from central: https://repo.maven.apache.org/maven2/org/postgresql/pgjdbc-versions/1.1.2/pgjdbc-versions-1.1.2.pom
#18 17.48 [INFO] Downloaded from central: https://repo.maven.apache.org/maven2/org/postgresql/pgjdbc-versions/1.1.2/pgjdbc-versions-1.1.2.pom (23 kB at 50 kB/s)
#18 17.48 [INFO] Downloading from central: https://repo.maven.apache.org/maven2/org/hibernate/hibernate-c3p0/5.2.10.Final/hibernate-c3p0-5.2.10.Final.pom
#18 17.61 [INFO] Downloaded from central: https://repo.maven.apache.org/maven2/org/hibernate/hibernate-c3p0/5.2.10.Final/hibernate-c3p0-5.2.10.Final.pom (2.2 kB at 17 kB/s)
#18 17.62 [INFO] Downloading from central: https://repo.maven.apache.org/maven2/org/apache/geronimo/specs/geronimo-jta_1.1_spec/1.1.1/geronimo-jta_1.1_spec-1.1.1.pom
#18 17.76 [INFO] Downloaded from central: https://repo.maven.apache.org/maven2/org/apache/geronimo/specs/geronimo-jta_1.1_spec/1.1.1/geronimo-jta_1.1_spec-1.1.1.pom (2.1 kB at 15 kB/s)
#18 17.76 [INFO] Downloading from central: https://repo.maven.apache.org/maven2/org/apache/geronimo/specs/specs/1.4/specs-1.4.pom
#18 17.90 [INFO] Downloaded from central: https://repo.maven.apache.org/maven2/org/apache/geronimo/specs/specs/1.4/specs-1.4.pom (12 kB at 88 kB/s)
#18 17.90 [INFO] Downloading from central: https://repo.maven.apache.org/maven2/org/apache/geronimo/genesis/config/project-config/1.2/project-config-1.2.pom
#18 18.05 [INFO] Downloaded from central: https://repo.maven.apache.org/maven2/org/apache/geronimo/genesis/config/project-config/1.2/project-config-1.2.pom (22 kB at 149 kB/s)
#18 18.05 [INFO] Downloading from central: https://repo.maven.apache.org/maven2/org/apache/geronimo/genesis/config/config/1.2/config-1.2.pom
#18 18.19 [INFO] Downloaded from central: https://repo.maven.apache.org/maven2/org/apache/geronimo/genesis/config/config/1.2/config-1.2.pom (1.8 kB at 13 kB/s)
#18 18.19 [INFO] Downloading from central: https://repo.maven.apache.org/maven2/org/apache/geronimo/genesis/genesis/1.2/genesis-1.2.pom
#18 18.32 [INFO] Downloaded from central: https://repo.maven.apache.org/maven2/org/apache/geronimo/genesis/genesis/1.2/genesis-1.2.pom (11 kB at 86 kB/s)
#18 18.32 [INFO] Downloading from central: https://repo.maven.apache.org/maven2/org/apache/apache/3/apache-3.pom
#18 18.45 [INFO] Downloaded from central: https://repo.maven.apache.org/maven2/org/apache/apache/3/apache-3.pom (3.4 kB at 27 kB/s)
#18 18.46 [INFO] Downloading from central: https://repo.maven.apache.org/maven2/com/mchange/c3p0/0.9.5.2/c3p0-0.9.5.2.pom
#18 18.59 [INFO] Downloaded from central: https://repo.maven.apache.org/maven2/com/mchange/c3p0/0.9.5.2/c3p0-0.9.5.2.pom (1.5 kB at 11 kB/s)
#18 18.59 [INFO] Downloading from central: https://repo.maven.apache.org/maven2/com/mchange/mchange-commons-java/0.2.11/mchange-commons-java-0.2.11.pom
#18 18.74 [INFO] Downloaded from central: https://repo.maven.apache.org/maven2/com/mchange/mchange-commons-java/0.2.11/mchange-commons-java-0.2.11.pom (3.3 kB at 23 kB/s)
#18 18.74 [INFO] Downloading from central: https://repo.maven.apache.org/maven2/mysql/mysql-connector-java/5.1.41/mysql-connector-java-5.1.41.pom
#18 18.87 [INFO] Downloaded from central: https://repo.maven.apache.org/maven2/mysql/mysql-connector-java/5.1.41/mysql-connector-java-5.1.41.pom (1.1 kB at 8.4 kB/s)
#18 18.88 [INFO] Downloading from central: https://repo.maven.apache.org/maven2/com/microsoft/sqlserver/mssql-jdbc/6.1.0.jre8/mssql-jdbc-6.1.0.jre8.pom
#18 19.02 [INFO] Downloaded from central: https://repo.maven.apache.org/maven2/com/microsoft/sqlserver/mssql-jdbc/6.1.0.jre8/mssql-jdbc-6.1.0.jre8.pom (4.2 kB at 30 kB/s)
#18 19.02 [INFO] Downloading from central: https://repo.maven.apache.org/maven2/com/microsoft/azure/azure-keyvault/0.9.3/azure-keyvault-0.9.3.pom
#18 19.16 [INFO] Downloaded from central: https://repo.maven.apache.org/maven2/com/microsoft/azure/azure-keyvault/0.9.3/azure-keyvault-0.9.3.pom (5.7 kB at 43 kB/s)
#18 19.16 [INFO] Downloading from central: https://repo.maven.apache.org/maven2/com/microsoft/azure/azure/0.9.3/azure-0.9.3.pom
#18 19.29 [INFO] Downloaded from central: https://repo.maven.apache.org/maven2/com/microsoft/azure/azure/0.9.3/azure-0.9.3.pom (15 kB at 118 kB/s)
#18 19.29 [INFO] Downloading from central: https://repo.maven.apache.org/maven2/com/microsoft/azure/azure-bom/0.9.3/azure-bom-0.9.3.pom
#18 19.42 [INFO] Downloaded from central: https://repo.maven.apache.org/maven2/com/microsoft/azure/azure-bom/0.9.3/azure-bom-0.9.3.pom (3.1 kB at 24 kB/s)
#18 19.42 [INFO] Downloading from central: https://repo.maven.apache.org/maven2/com/microsoft/azure/azure-core/0.9.3/azure-core-0.9.3.pom
#18 19.56 [INFO] Downloaded from central: https://repo.maven.apache.org/maven2/com/microsoft/azure/azure-core/0.9.3/azure-core-0.9.3.pom (10 kB at 76 kB/s)
#18 19.56 [INFO] Downloading from central: https://repo.maven.apache.org/maven2/org/apache/httpcomponents/httpclient/4.5.3/httpclient-4.5.3.pom
#18 19.72 [INFO] Downloaded from central: https://repo.maven.apache.org/maven2/org/apache/httpcomponents/httpclient/4.5.3/httpclient-4.5.3.pom (6.4 kB at 42 kB/s)
#18 19.72 [INFO] Downloading from central: https://repo.maven.apache.org/maven2/org/apache/httpcomponents/httpcomponents-client/4.5.3/httpcomponents-client-4.5.3.pom
#18 19.85 [INFO] Downloaded from central: https://repo.maven.apache.org/maven2/org/apache/httpcomponents/httpcomponents-client/4.5.3/httpcomponents-client-4.5.3.pom (16 kB at 121 kB/s)
#18 19.85 [INFO] Downloading from central: https://repo.maven.apache.org/maven2/org/apache/httpcomponents/project/7/project-7.pom
#18 19.99 [INFO] Downloaded from central: https://repo.maven.apache.org/maven2/org/apache/httpcomponents/project/7/project-7.pom (27 kB at 202 kB/s)
#18 19.99 [INFO] Downloading from central: https://repo.maven.apache.org/maven2/org/apache/apache/13/apache-13.pom
#18 20.12 [INFO] Downloaded from central: https://repo.maven.apache.org/maven2/org/apache/apache/13/apache-13.pom (14 kB at 107 kB/s)
#18 20.13 [INFO] Downloading from central: https://repo.maven.apache.org/maven2/org/apache/httpcomponents/httpcore/4.4.6/httpcore-4.4.6.pom
#18 20.25 [INFO] Downloaded from central: https://repo.maven.apache.org/maven2/org/apache/httpcomponents/httpcore/4.4.6/httpcore-4.4.6.pom (5.1 kB at 41 kB/s)
#18 20.25 [INFO] Downloading from central: https://repo.maven.apache.org/maven2/org/apache/httpcomponents/httpcomponents-core/4.4.6/httpcomponents-core-4.4.6.pom
#18 20.38 [INFO] Downloaded from central: https://repo.maven.apache.org/maven2/org/apache/httpcomponents/httpcomponents-core/4.4.6/httpcomponents-core-4.4.6.pom (13 kB at 109 kB/s)
#18 20.38 [INFO] Downloading from central: https://repo.maven.apache.org/maven2/commons-codec/commons-codec/1.10/commons-codec-1.10.pom
#18 20.51 [INFO] Downloaded from central: https://repo.maven.apache.org/maven2/commons-codec/commons-codec/1.10/commons-codec-1.10.pom (12 kB at 91 kB/s)
#18 20.51 [INFO] Downloading from central: https://repo.maven.apache.org/maven2/org/apache/commons/commons-parent/35/commons-parent-35.pom
#18 20.65 [INFO] Downloaded from central: https://repo.maven.apache.org/maven2/org/apache/commons/commons-parent/35/commons-parent-35.pom (58 kB at 422 kB/s)
#18 20.66 [INFO] Downloading from central: https://repo.maven.apache.org/maven2/org/apache/apache/15/apache-15.pom
#18 20.80 [INFO] Downloaded from central: https://repo.maven.apache.org/maven2/org/apache/apache/15/apache-15.pom (15 kB at 110 kB/s)
#18 20.80 [INFO] Downloading from central: https://repo.maven.apache.org/maven2/commons-lang/commons-lang/2.6/commons-lang-2.6.pom
#18 20.92 [INFO] Downloaded from central: https://repo.maven.apache.org/maven2/commons-lang/commons-lang/2.6/commons-lang-2.6.pom (17 kB at 143 kB/s)
#18 20.93 [INFO] Downloading from central: https://repo.maven.apache.org/maven2/org/apache/commons/commons-parent/17/commons-parent-17.pom
#18 21.07 [INFO] Downloaded from central: https://repo.maven.apache.org/maven2/org/apache/commons/commons-parent/17/commons-parent-17.pom (31 kB at 211 kB/s)
#18 21.08 [INFO] Downloading from central: https://repo.maven.apache.org/maven2/org/apache/apache/7/apache-7.pom
#18 21.20 [INFO] Downloaded from central: https://repo.maven.apache.org/maven2/org/apache/apache/7/apache-7.pom (14 kB at 115 kB/s)
#18 21.21 [INFO] Downloading from central: https://repo.maven.apache.org/maven2/javax/mail/mail/1.4.5/mail-1.4.5.pom
#18 21.34 [INFO] Downloaded from central: https://repo.maven.apache.org/maven2/javax/mail/mail/1.4.5/mail-1.4.5.pom (5.3 kB at 40 kB/s)
#18 21.34 [INFO] Downloading from central: https://repo.maven.apache.org/maven2/com/sun/mail/all/1.4.5/all-1.4.5.pom
#18 21.48 [INFO] Downloaded from central: https://repo.maven.apache.org/maven2/com/sun/mail/all/1.4.5/all-1.4.5.pom (19 kB at 133 kB/s)
#18 21.49 [INFO] Downloading from central: https://repo.maven.apache.org/maven2/net/java/jvnet-parent/1/jvnet-parent-1.pom
#18 21.63 [INFO] Downloaded from central: https://repo.maven.apache.org/maven2/net/java/jvnet-parent/1/jvnet-parent-1.pom (4.7 kB at 33 kB/s)
#18 21.63 [INFO] Downloading from central: https://repo.maven.apache.org/maven2/javax/activation/activation/1.1/activation-1.1.pom
#18 21.77 [INFO] Downloaded from central: https://repo.maven.apache.org/maven2/javax/activation/activation/1.1/activation-1.1.pom (1.1 kB at 8.0 kB/s)
#18 21.77 [INFO] Downloading from central: https://repo.maven.apache.org/maven2/javax/inject/javax.inject/1/javax.inject-1.pom
#18 21.91 [INFO] Downloaded from central: https://repo.maven.apache.org/maven2/javax/inject/javax.inject/1/javax.inject-1.pom (612 B at 4.4 kB/s)
#18 21.91 [INFO] Downloading from central: https://repo.maven.apache.org/maven2/com/sun/jersey/jersey-client/1.13/jersey-client-1.13.pom
#18 22.06 [INFO] Downloaded from central: https://repo.maven.apache.org/maven2/com/sun/jersey/jersey-client/1.13/jersey-client-1.13.pom (6.9 kB at 48 kB/s)
#18 22.06 [INFO] Downloading from central: https://repo.maven.apache.org/maven2/com/sun/jersey/jersey-project/1.13/jersey-project-1.13.pom
#18 22.19 [INFO] Downloaded from central: https://repo.maven.apache.org/maven2/com/sun/jersey/jersey-project/1.13/jersey-project-1.13.pom (21 kB at 164 kB/s)
#18 22.20 [INFO] Downloading from central: https://repo.maven.apache.org/maven2/com/sun/jersey/jersey-core/1.13/jersey-core-1.13.pom
#18 22.33 [INFO] Downloaded from central: https://repo.maven.apache.org/maven2/com/sun/jersey/jersey-core/1.13/jersey-core-1.13.pom (10 kB at 78 kB/s)
#18 22.33 [INFO] Downloading from central: https://repo.maven.apache.org/maven2/com/sun/jersey/jersey-json/1.13/jersey-json-1.13.pom
#18 22.48 [INFO] Downloaded from central: https://repo.maven.apache.org/maven2/com/sun/jersey/jersey-json/1.13/jersey-json-1.13.pom (10 kB at 71 kB/s)
#18 22.48 [INFO] Downloading from central: https://repo.maven.apache.org/maven2/org/codehaus/jettison/jettison/1.1/jettison-1.1.pom
#18 22.62 [INFO] Downloaded from central: https://repo.maven.apache.org/maven2/org/codehaus/jettison/jettison/1.1/jettison-1.1.pom (3.4 kB at 25 kB/s)
#18 22.63 [INFO] Downloading from central: https://repo.maven.apache.org/maven2/stax/stax-api/1.0.1/stax-api-1.0.1.pom
#18 23.06 [INFO] Downloaded from central: https://repo.maven.apache.org/maven2/stax/stax-api/1.0.1/stax-api-1.0.1.pom (1.5 kB at 3.5 kB/s)
#18 23.07 [INFO] Downloading from central: https://repo.maven.apache.org/maven2/com/sun/xml/bind/jaxb-impl/2.2.3-1/jaxb-impl-2.2.3-1.pom
#18 23.20 [INFO] Downloaded from central: https://repo.maven.apache.org/maven2/com/sun/xml/bind/jaxb-impl/2.2.3-1/jaxb-impl-2.2.3-1.pom (5.3 kB at 40 kB/s)
#18 23.20 [INFO] Downloading from central: https://repo.maven.apache.org/maven2/javax/xml/bind/jaxb-api/2.2.2/jaxb-api-2.2.2.pom
#18 23.36 [INFO] Downloaded from central: https://repo.maven.apache.org/maven2/javax/xml/bind/jaxb-api/2.2.2/jaxb-api-2.2.2.pom (5.6 kB at 35 kB/s)
#18 23.37 [INFO] Downloading from central: https://repo.maven.apache.org/maven2/javax/xml/stream/stax-api/1.0-2/stax-api-1.0-2.pom
#18 23.49 [INFO] Downloaded from central: https://repo.maven.apache.org/maven2/javax/xml/stream/stax-api/1.0-2/stax-api-1.0-2.pom (962 B at 7.5 kB/s)
#18 23.50 [INFO] Downloading from central: https://repo.maven.apache.org/maven2/org/codehaus/jackson/jackson-core-asl/1.9.2/jackson-core-asl-1.9.2.pom
#18 23.62 [INFO] Downloaded from central: https://repo.maven.apache.org/maven2/org/codehaus/jackson/jackson-core-asl/1.9.2/jackson-core-asl-1.9.2.pom (1.0 kB at 8.1 kB/s)
#18 23.63 [INFO] Downloading from central: https://repo.maven.apache.org/maven2/org/codehaus/jackson/jackson-mapper-asl/1.9.2/jackson-mapper-asl-1.9.2.pom
#18 23.76 [INFO] Downloaded from central: https://repo.maven.apache.org/maven2/org/codehaus/jackson/jackson-mapper-asl/1.9.2/jackson-mapper-asl-1.9.2.pom (1.2 kB at 9.7 kB/s)
#18 23.76 [INFO] Downloading from central: https://repo.maven.apache.org/maven2/org/codehaus/jackson/jackson-jaxrs/1.9.2/jackson-jaxrs-1.9.2.pom
#18 23.89 [INFO] Downloaded from central: https://repo.maven.apache.org/maven2/org/codehaus/jackson/jackson-jaxrs/1.9.2/jackson-jaxrs-1.9.2.pom (1.6 kB at 12 kB/s)
#18 23.90 [INFO] Downloading from central: https://repo.maven.apache.org/maven2/org/codehaus/jackson/jackson-xc/1.9.2/jackson-xc-1.9.2.pom
#18 24.03 [INFO] Downloaded from central: https://repo.maven.apache.org/maven2/org/codehaus/jackson/jackson-xc/1.9.2/jackson-xc-1.9.2.pom (1.6 kB at 12 kB/s)
#18 24.03 [INFO] Downloading from central: https://repo.maven.apache.org/maven2/com/microsoft/azure/adal4j/1.0.0/adal4j-1.0.0.pom
#18 24.16 [INFO] Downloaded from central: https://repo.maven.apache.org/maven2/com/microsoft/azure/adal4j/1.0.0/adal4j-1.0.0.pom (6.0 kB at 46 kB/s)
#18 24.17 [INFO] Downloading from central: https://repo.maven.apache.org/maven2/com/nimbusds/oauth2-oidc-sdk/4.5/oauth2-oidc-sdk-4.5.pom
#18 24.29 [INFO] Downloaded from central: https://repo.maven.apache.org/maven2/com/nimbusds/oauth2-oidc-sdk/4.5/oauth2-oidc-sdk-4.5.pom (7.1 kB at 55 kB/s)
#18 24.30 [INFO] Downloading from central: https://repo.maven.apache.org/maven2/org/sonatype/oss/oss-parent/7/oss-parent-7.pom
#18 24.43 [INFO] Downloaded from central: https://repo.maven.apache.org/maven2/org/sonatype/oss/oss-parent/7/oss-parent-7.pom (4.8 kB at 37 kB/s)
#18 24.43 [INFO] Downloading from central: https://repo.maven.apache.org/maven2/javax/mail/mail/1.4.7/mail-1.4.7.pom
#18 24.89 [INFO] Downloaded from central: https://repo.maven.apache.org/maven2/javax/mail/mail/1.4.7/mail-1.4.7.pom (5.3 kB at 12 kB/s)
#18 24.90 [INFO] Downloading from central: https://repo.maven.apache.org/maven2/com/sun/mail/all/1.4.7/all-1.4.7.pom
#18 25.03 [INFO] Downloaded from central: https://repo.maven.apache.org/maven2/com/sun/mail/all/1.4.7/all-1.4.7.pom (20 kB at 155 kB/s)
#18 25.03 [INFO] Downloading from central: https://repo.maven.apache.org/maven2/net/jcip/jcip-annotations/1.0/jcip-annotations-1.0.pom
#18 25.15 [INFO] Downloaded from central: https://repo.maven.apache.org/maven2/net/jcip/jcip-annotations/1.0/jcip-annotations-1.0.pom (491 B at 4.1 kB/s)
#18 25.16 [INFO] Downloading from central: https://repo.maven.apache.org/maven2/org/apache/commons/commons-lang3/3.3.1/commons-lang3-3.3.1.pom
#18 25.30 [INFO] Downloaded from central: https://repo.maven.apache.org/maven2/org/apache/commons/commons-lang3/3.3.1/commons-lang3-3.3.1.pom (20 kB at 142 kB/s)
#18 25.31 [INFO] Downloading from central: https://repo.maven.apache.org/maven2/org/apache/commons/commons-parent/33/commons-parent-33.pom
#18 25.44 [INFO] Downloaded from central: https://repo.maven.apache.org/maven2/org/apache/commons/commons-parent/33/commons-parent-33.pom (53 kB at 393 kB/s)
#18 25.45 [INFO] Downloading from central: https://repo.maven.apache.org/maven2/net/minidev/json-smart/1.1.1/json-smart-1.1.1.pom
#18 25.59 [INFO] Downloaded from central: https://repo.maven.apache.org/maven2/net/minidev/json-smart/1.1.1/json-smart-1.1.1.pom (1.4 kB at 9.7 kB/s)
#18 25.59 [INFO] Downloading from central: https://repo.maven.apache.org/maven2/net/minidev/parent/1.1.1/parent-1.1.1.pom
#18 25.72 [INFO] Downloaded from central: https://repo.maven.apache.org/maven2/net/minidev/parent/1.1.1/parent-1.1.1.pom (11 kB at 80 kB/s)
#18 25.73 [INFO] Downloading from central: https://repo.maven.apache.org/maven2/com/nimbusds/lang-tag/1.4/lang-tag-1.4.pom
#18 25.86 [INFO] Downloaded from central: https://repo.maven.apache.org/maven2/com/nimbusds/lang-tag/1.4/lang-tag-1.4.pom (6.0 kB at 46 kB/s)
#18 25.87 [INFO] Downloading from central: https://repo.maven.apache.org/maven2/com/nimbusds/nimbus-jose-jwt/3.1.2/nimbus-jose-jwt-3.1.2.pom
#18 26.00 [INFO] Downloaded from central: https://repo.maven.apache.org/maven2/com/nimbusds/nimbus-jose-jwt/3.1.2/nimbus-jose-jwt-3.1.2.pom (10 kB at 79 kB/s)
#18 26.01 [INFO] Downloading from central: https://repo.maven.apache.org/maven2/org/bouncycastle/bcprov-jdk15on/1.51/bcprov-jdk15on-1.51.pom
#18 26.14 [INFO] Downloaded from central: https://repo.maven.apache.org/maven2/org/bouncycastle/bcprov-jdk15on/1.51/bcprov-jdk15on-1.51.pom (1.2 kB at 9.0 kB/s)
#18 26.14 [INFO] Downloading from central: https://repo.maven.apache.org/maven2/com/google/code/gson/gson/2.8.0/gson-2.8.0.pom
#18 26.28 [INFO] Downloaded from central: https://repo.maven.apache.org/maven2/com/google/code/gson/gson/2.8.0/gson-2.8.0.pom (1.4 kB at 11 kB/s)
#18 26.28 [INFO] Downloading from central: https://repo.maven.apache.org/maven2/com/google/code/gson/gson-parent/2.8.0/gson-parent-2.8.0.pom
#18 26.42 [INFO] Downloaded from central: https://repo.maven.apache.org/maven2/com/google/code/gson/gson-parent/2.8.0/gson-parent-2.8.0.pom (3.5 kB at 24 kB/s)
#18 26.43 [INFO] Downloading from central: https://repo.maven.apache.org/maven2/com/googlecode/json-simple/json-simple/1.1.1/json-simple-1.1.1.pom
#18 26.87 [INFO] Downloaded from central: https://repo.maven.apache.org/maven2/com/googlecode/json-simple/json-simple/1.1.1/json-simple-1.1.1.pom (3.5 kB at 7.9 kB/s)
#18 26.87 [INFO] Downloading from central: https://repo.maven.apache.org/maven2/junit/junit/4.12/junit-4.12.pom
#18 27.00 [INFO] Downloaded from central: https://repo.maven.apache.org/maven2/junit/junit/4.12/junit-4.12.pom (24 kB at 181 kB/s)
#18 27.00 [INFO] Downloading from central: https://repo.maven.apache.org/maven2/org/hamcrest/hamcrest-core/1.3/hamcrest-core-1.3.pom
#18 27.14 [INFO] Downloaded from central: https://repo.maven.apache.org/maven2/org/hamcrest/hamcrest-core/1.3/hamcrest-core-1.3.pom (766 B at 5.7 kB/s)
#18 27.14 [INFO] Downloading from central: https://repo.maven.apache.org/maven2/org/hamcrest/hamcrest-parent/1.3/hamcrest-parent-1.3.pom
#18 27.27 [INFO] Downloaded from central: https://repo.maven.apache.org/maven2/org/hamcrest/hamcrest-parent/1.3/hamcrest-parent-1.3.pom (2.0 kB at 16 kB/s)
#18 27.27 [INFO] Downloading from central: https://repo.maven.apache.org/maven2/org/springframework/boot/spring-boot-starter-security/1.5.3.RELEASE/spring-boot-starter-security-1.5.3.RELEASE.pom
#18 27.40 [INFO] Downloaded from central: https://repo.maven.apache.org/maven2/org/springframework/boot/spring-boot-starter-security/1.5.3.RELEASE/spring-boot-starter-security-1.5.3.RELEASE.pom (1.7 kB at 13 kB/s)
#18 27.40 [INFO] Downloading from central: https://repo.maven.apache.org/maven2/org/springframework/security/spring-security-config/4.2.2.RELEASE/spring-security-config-4.2.2.RELEASE.pom
#18 27.53 [INFO] Downloaded from central: https://repo.maven.apache.org/maven2/org/springframework/security/spring-security-config/4.2.2.RELEASE/spring-security-config-4.2.2.RELEASE.pom (13 kB at 101 kB/s)
#18 27.53 [INFO] Downloading from central: https://repo.maven.apache.org/maven2/org/springframework/spring-framework-bom/4.3.5.RELEASE/spring-framework-bom-4.3.5.RELEASE.pom
#18 27.66 [INFO] Downloaded from central: https://repo.maven.apache.org/maven2/org/springframework/spring-framework-bom/4.3.5.RELEASE/spring-framework-bom-4.3.5.RELEASE.pom (5.1 kB at 39 kB/s)
#18 27.66 [INFO] Downloading from central: https://repo.maven.apache.org/maven2/org/springframework/security/spring-security-core/4.2.2.RELEASE/spring-security-core-4.2.2.RELEASE.pom
#18 27.79 [INFO] Downloaded from central: https://repo.maven.apache.org/maven2/org/springframework/security/spring-security-core/4.2.2.RELEASE/spring-security-core-4.2.2.RELEASE.pom (9.3 kB at 73 kB/s)
#18 27.79 [INFO] Downloading from central: https://repo.maven.apache.org/maven2/org/springframework/security/spring-security-web/4.2.2.RELEASE/spring-security-web-4.2.2.RELEASE.pom
#18 27.95 [INFO] Downloaded from central: https://repo.maven.apache.org/maven2/org/springframework/security/spring-security-web/4.2.2.RELEASE/spring-security-web-4.2.2.RELEASE.pom (8.1 kB at 52 kB/s)
#18 27.96 [INFO] Downloading from central: https://repo.maven.apache.org/maven2/io/jsonwebtoken/jjwt/0.7.0/jjwt-0.7.0.pom
#18 28.08 [INFO] Downloaded from central: https://repo.maven.apache.org/maven2/io/jsonwebtoken/jjwt/0.7.0/jjwt-0.7.0.pom (16 kB at 127 kB/s)
#18 28.09 [INFO] Downloading from central: https://repo.maven.apache.org/maven2/org/springframework/boot/spring-boot-devtools/1.5.3.RELEASE/spring-boot-devtools-1.5.3.RELEASE.pom
#18 28.22 [INFO] Downloaded from central: https://repo.maven.apache.org/maven2/org/springframework/boot/spring-boot-devtools/1.5.3.RELEASE/spring-boot-devtools-1.5.3.RELEASE.pom (5.8 kB at 45 kB/s)
#18 28.22 [INFO] Downloading from central: https://repo.maven.apache.org/maven2/org/springframework/boot/spring-boot-starter-test/1.5.3.RELEASE/spring-boot-starter-test-1.5.3.RELEASE.pom
#18 28.35 [INFO] Downloaded from central: https://repo.maven.apache.org/maven2/org/springframework/boot/spring-boot-starter-test/1.5.3.RELEASE/spring-boot-starter-test-1.5.3.RELEASE.pom (3.1 kB at 24 kB/s)
#18 28.35 [INFO] Downloading from central: https://repo.maven.apache.org/maven2/org/springframework/boot/spring-boot-test/1.5.3.RELEASE/spring-boot-test-1.5.3.RELEASE.pom
#18 28.48 [INFO] Downloaded from central: https://repo.maven.apache.org/maven2/org/springframework/boot/spring-boot-test/1.5.3.RELEASE/spring-boot-test-1.5.3.RELEASE.pom (4.8 kB at 37 kB/s)
#18 28.49 [INFO] Downloading from central: https://repo.maven.apache.org/maven2/org/springframework/boot/spring-boot-test-autoconfigure/1.5.3.RELEASE/spring-boot-test-autoconfigure-1.5.3.RELEASE.pom
#18 28.63 [INFO] Downloaded from central: https://repo.maven.apache.org/maven2/org/springframework/boot/spring-boot-test-autoconfigure/1.5.3.RELEASE/spring-boot-test-autoconfigure-1.5.3.RELEASE.pom (5.7 kB at 40 kB/s)
#18 28.64 [INFO] Downloading from central: https://repo.maven.apache.org/maven2/com/jayway/jsonpath/json-path/2.2.0/json-path-2.2.0.pom
#18 28.78 [INFO] Downloaded from central: https://repo.maven.apache.org/maven2/com/jayway/jsonpath/json-path/2.2.0/json-path-2.2.0.pom (2.4 kB at 17 kB/s)
#18 28.79 [INFO] Downloading from central: https://repo.maven.apache.org/maven2/net/minidev/json-smart/2.2.1/json-smart-2.2.1.pom
#18 28.93 [INFO] Downloaded from central: https://repo.maven.apache.org/maven2/net/minidev/json-smart/2.2.1/json-smart-2.2.1.pom (12 kB at 88 kB/s)
#18 28.93 [INFO] Downloading from central: https://repo.maven.apache.org/maven2/net/minidev/accessors-smart/1.1/accessors-smart-1.1.pom
#18 29.06 [INFO] Downloaded from central: https://repo.maven.apache.org/maven2/net/minidev/accessors-smart/1.1/accessors-smart-1.1.pom (2.1 kB at 16 kB/s)
#18 29.06 [INFO] Downloading from central: https://repo.maven.apache.org/maven2/net/minidev/minidev-parent/2.2/minidev-parent-2.2.pom
#18 29.20 [INFO] Downloaded from central: https://repo.maven.apache.org/maven2/net/minidev/minidev-parent/2.2/minidev-parent-2.2.pom (9.1 kB at 66 kB/s)
#18 29.20 [INFO] Downloading from central: https://repo.maven.apache.org/maven2/org/ow2/asm/asm/5.0.3/asm-5.0.3.pom
#18 29.34 [INFO] Downloaded from central: https://repo.maven.apache.org/maven2/org/ow2/asm/asm/5.0.3/asm-5.0.3.pom (1.9 kB at 14 kB/s)
#18 29.35 [INFO] Downloading from central: https://repo.maven.apache.org/maven2/org/ow2/asm/asm-parent/5.0.3/asm-parent-5.0.3.pom
#18 29.47 [INFO] Downloaded from central: https://repo.maven.apache.org/maven2/org/ow2/asm/asm-parent/5.0.3/asm-parent-5.0.3.pom (5.5 kB at 44 kB/s)
#18 29.48 [INFO] Downloading from central: https://repo.maven.apache.org/maven2/org/ow2/ow2/1.3/ow2-1.3.pom
#18 29.61 [INFO] Downloaded from central: https://repo.maven.apache.org/maven2/org/ow2/ow2/1.3/ow2-1.3.pom (9.5 kB at 73 kB/s)
#18 29.61 [INFO] Downloading from central: https://repo.maven.apache.org/maven2/org/assertj/assertj-core/2.6.0/assertj-core-2.6.0.pom
#18 29.74 [INFO] Downloaded from central: https://repo.maven.apache.org/maven2/org/assertj/assertj-core/2.6.0/assertj-core-2.6.0.pom (7.0 kB at 54 kB/s)
#18 29.75 [INFO] Downloading from central: https://repo.maven.apache.org/maven2/org/assertj/assertj-parent-pom/2.1.4/assertj-parent-pom-2.1.4.pom
#18 29.88 [INFO] Downloaded from central: https://repo.maven.apache.org/maven2/org/assertj/assertj-parent-pom/2.1.4/assertj-parent-pom-2.1.4.pom (15 kB at 114 kB/s)
#18 29.88 [INFO] Downloading from central: https://repo.maven.apache.org/maven2/org/mockito/mockito-core/1.10.19/mockito-core-1.10.19.pom
#18 30.01 [INFO] Downloaded from central: https://repo.maven.apache.org/maven2/org/mockito/mockito-core/1.10.19/mockito-core-1.10.19.pom (1.3 kB at 10 kB/s)
#18 30.02 [INFO] Downloading from central: https://repo.maven.apache.org/maven2/org/objenesis/objenesis/2.1/objenesis-2.1.pom
#18 30.16 [INFO] Downloaded from central: https://repo.maven.apache.org/maven2/org/objenesis/objenesis/2.1/objenesis-2.1.pom (2.5 kB at 18 kB/s)
#18 30.16 [INFO] Downloading from central: https://repo.maven.apache.org/maven2/org/objenesis/objenesis-parent/2.1/objenesis-parent-2.1.pom
#18 30.31 [INFO] Downloaded from central: https://repo.maven.apache.org/maven2/org/objenesis/objenesis-parent/2.1/objenesis-parent-2.1.pom (17 kB at 110 kB/s)
#18 30.32 [INFO] Downloading from central: https://repo.maven.apache.org/maven2/org/hamcrest/hamcrest-library/1.3/hamcrest-library-1.3.pom
#18 30.46 [INFO] Downloaded from central: https://repo.maven.apache.org/maven2/org/hamcrest/hamcrest-library/1.3/hamcrest-library-1.3.pom (820 B at 5.7 kB/s)
#18 30.46 [INFO] Downloading from central: https://repo.maven.apache.org/maven2/org/skyscreamer/jsonassert/1.4.0/jsonassert-1.4.0.pom
#18 30.59 [INFO] Downloaded from central: https://repo.maven.apache.org/maven2/org/skyscreamer/jsonassert/1.4.0/jsonassert-1.4.0.pom (5.2 kB at 39 kB/s)
#18 30.60 [INFO] Downloading from central: https://repo.maven.apache.org/maven2/com/vaadin/external/google/android-json/0.0.20131108.vaadin1/android-json-0.0.20131108.vaadin1.pom
#18 30.73 [INFO] Downloaded from central: https://repo.maven.apache.org/maven2/com/vaadin/external/google/android-json/0.0.20131108.vaadin1/android-json-0.0.20131108.vaadin1.pom (2.8 kB at 21 kB/s)
#18 30.74 [INFO] Downloading from central: https://repo.maven.apache.org/maven2/org/springframework/spring-test/4.3.8.RELEASE/spring-test-4.3.8.RELEASE.pom
#18 30.90 [INFO] Downloaded from central: https://repo.maven.apache.org/maven2/org/springframework/spring-test/4.3.8.RELEASE/spring-test-4.3.8.RELEASE.pom (7.9 kB at 49 kB/s)
#18 30.90 [INFO] Downloading from central: https://repo.maven.apache.org/maven2/org/mockito/mockito-all/1.9.5/mockito-all-1.9.5.pom
#18 31.04 [INFO] Downloaded from central: https://repo.maven.apache.org/maven2/org/mockito/mockito-all/1.9.5/mockito-all-1.9.5.pom (1.0 kB at 7.9 kB/s)
#18 31.04 [INFO] Downloading from central: https://repo.maven.apache.org/maven2/io/rest-assured/rest-assured/3.0.2/rest-assured-3.0.2.pom
#18 31.17 [INFO] Downloaded from central: https://repo.maven.apache.org/maven2/io/rest-assured/rest-assured/3.0.2/rest-assured-3.0.2.pom (4.8 kB at 36 kB/s)
#18 31.18 [INFO] Downloading from central: https://repo.maven.apache.org/maven2/io/rest-assured/rest-assured-parent/3.0.2/rest-assured-parent-3.0.2.pom
#18 31.31 [INFO] Downloaded from central: https://repo.maven.apache.org/maven2/io/rest-assured/rest-assured-parent/3.0.2/rest-assured-parent-3.0.2.pom (13 kB at 101 kB/s)
#18 31.32 [INFO] Downloading from central: https://repo.maven.apache.org/maven2/org/sonatype/oss/oss-parent/5/oss-parent-5.pom
#18 31.45 [INFO] Downloaded from central: https://repo.maven.apache.org/maven2/org/sonatype/oss/oss-parent/5/oss-parent-5.pom (4.1 kB at 30 kB/s)
#18 31.46 [INFO] Downloading from central: https://repo.maven.apache.org/maven2/org/codehaus/groovy/groovy/2.4.10/groovy-2.4.10.pom
#18 31.59 [INFO] Downloaded from central: https://repo.maven.apache.org/maven2/org/codehaus/groovy/groovy/2.4.10/groovy-2.4.10.pom (18 kB at 133 kB/s)
#18 31.60 [INFO] Downloading from central: https://repo.maven.apache.org/maven2/org/codehaus/groovy/groovy-xml/2.4.10/groovy-xml-2.4.10.pom
#18 31.74 [INFO] Downloaded from central: https://repo.maven.apache.org/maven2/org/codehaus/groovy/groovy-xml/2.4.10/groovy-xml-2.4.10.pom (16 kB at 120 kB/s)
#18 31.74 [INFO] Downloading from central: https://repo.maven.apache.org/maven2/org/apache/httpcomponents/httpmime/4.5.3/httpmime-4.5.3.pom
#18 31.87 [INFO] Downloaded from central: https://repo.maven.apache.org/maven2/org/apache/httpcomponents/httpmime/4.5.3/httpmime-4.5.3.pom (4.8 kB at 37 kB/s)
#18 31.88 [INFO] Downloading from central: https://repo.maven.apache.org/maven2/org/ccil/cowan/tagsoup/tagsoup/1.2.1/tagsoup-1.2.1.pom
#18 32.03 [INFO] Downloaded from central: https://repo.maven.apache.org/maven2/org/ccil/cowan/tagsoup/tagsoup/1.2.1/tagsoup-1.2.1.pom (1.2 kB at 8.4 kB/s)
#18 32.03 [INFO] Downloading from central: https://repo.maven.apache.org/maven2/io/rest-assured/json-path/3.0.2/json-path-3.0.2.pom
#18 32.16 [INFO] Downloaded from central: https://repo.maven.apache.org/maven2/io/rest-assured/json-path/3.0.2/json-path-3.0.2.pom (3.5 kB at 27 kB/s)
#18 32.16 [INFO] Downloading from central: https://repo.maven.apache.org/maven2/org/codehaus/groovy/groovy-json/2.4.10/groovy-json-2.4.10.pom
#18 32.34 [INFO] Downloaded from central: https://repo.maven.apache.org/maven2/org/codehaus/groovy/groovy-json/2.4.10/groovy-json-2.4.10.pom (16 kB at 95 kB/s)
#18 32.34 [INFO] Downloading from central: https://repo.maven.apache.org/maven2/io/rest-assured/rest-assured-common/3.0.2/rest-assured-common-3.0.2.pom
#18 32.48 [INFO] Downloaded from central: https://repo.maven.apache.org/maven2/io/rest-assured/rest-assured-common/3.0.2/rest-assured-common-3.0.2.pom (2.1 kB at 15 kB/s)
#18 32.49 [INFO] Downloading from central: https://repo.maven.apache.org/maven2/org/apache/commons/commons-lang3/3.4/commons-lang3-3.4.pom
#18 32.63 [INFO] Downloaded from central: https://repo.maven.apache.org/maven2/org/apache/commons/commons-lang3/3.4/commons-lang3-3.4.pom (22 kB at 160 kB/s)
#18 32.64 [INFO] Downloading from central: https://repo.maven.apache.org/maven2/org/apache/commons/commons-parent/37/commons-parent-37.pom
#18 32.78 [INFO] Downloaded from central: https://repo.maven.apache.org/maven2/org/apache/commons/commons-parent/37/commons-parent-37.pom (63 kB at 444 kB/s)
#18 32.78 [INFO] Downloading from central: https://repo.maven.apache.org/maven2/io/rest-assured/xml-path/3.0.2/xml-path-3.0.2.pom
#18 32.91 [INFO] Downloaded from central: https://repo.maven.apache.org/maven2/io/rest-assured/xml-path/3.0.2/xml-path-3.0.2.pom (2.7 kB at 21 kB/s)
#18 32.95 [INFO] Downloading from central: https://repo.maven.apache.org/maven2/org/springframework/boot/spring-boot-starter-web/1.5.3.RELEASE/spring-boot-starter-web-1.5.3.RELEASE.jar
#18 33.08 [INFO] Downloaded from central: https://repo.maven.apache.org/maven2/org/springframework/boot/spring-boot-starter-web/1.5.3.RELEASE/spring-boot-starter-web-1.5.3.RELEASE.jar (2.3 kB at 17 kB/s)
#18 33.09 [INFO] Downloading from central: https://repo.maven.apache.org/maven2/org/springframework/boot/spring-boot-starter/1.5.3.RELEASE/spring-boot-starter-1.5.3.RELEASE.jar
#18 33.09 [INFO] Downloading from central: https://repo.maven.apache.org/maven2/org/springframework/boot/spring-boot-starter-logging/1.5.3.RELEASE/spring-boot-starter-logging-1.5.3.RELEASE.jar
#18 33.09 [INFO] Downloading from central: https://repo.maven.apache.org/maven2/ch/qos/logback/logback-classic/1.1.11/logback-classic-1.1.11.jar
#18 33.09 [INFO] Downloading from central: https://repo.maven.apache.org/maven2/ch/qos/logback/logback-core/1.1.11/logback-core-1.1.11.jar
#18 33.09 [INFO] Downloading from central: https://repo.maven.apache.org/maven2/org/slf4j/jul-to-slf4j/1.7.25/jul-to-slf4j-1.7.25.jar
#18 33.21 [INFO] Downloaded from central: https://repo.maven.apache.org/maven2/org/springframework/boot/spring-boot-starter-logging/1.5.3.RELEASE/spring-boot-starter-logging-1.5.3.RELEASE.jar (2.3 kB at 18 kB/s)
#18 33.21 [INFO] Downloading from central: https://repo.maven.apache.org/maven2/org/slf4j/log4j-over-slf4j/1.7.25/log4j-over-slf4j-1.7.25.jar
#18 33.38 [INFO] Downloaded from central: https://repo.maven.apache.org/maven2/org/slf4j/log4j-over-slf4j/1.7.25/log4j-over-slf4j-1.7.25.jar (24 kB at 82 kB/s)
#18 33.38 [INFO] Downloading from central: https://repo.maven.apache.org/maven2/org/yaml/snakeyaml/1.17/snakeyaml-1.17.jar
#18 33.62 [INFO] Downloaded from central: https://repo.maven.apache.org/maven2/org/springframework/boot/spring-boot-starter/1.5.3.RELEASE/spring-boot-starter-1.5.3.RELEASE.jar (2.3 kB at 4.3 kB/s)
#18 33.62 [INFO] Downloading from central: https://repo.maven.apache.org/maven2/org/springframework/boot/spring-boot-starter-tomcat/1.5.3.RELEASE/spring-boot-starter-tomcat-1.5.3.RELEASE.jar
#18 33.62 [INFO] Downloaded from central: https://repo.maven.apache.org/maven2/org/slf4j/jul-to-slf4j/1.7.25/jul-to-slf4j-1.7.25.jar (4.6 kB at 8.6 kB/s)
#18 33.62 [INFO] Downloading from central: https://repo.maven.apache.org/maven2/org/apache/tomcat/embed/tomcat-embed-core/8.5.14/tomcat-embed-core-8.5.14.jar
#18 33.72 [INFO] Downloaded from central: https://repo.maven.apache.org/maven2/org/yaml/snakeyaml/1.17/snakeyaml-1.17.jar (274 kB at 434 kB/s)
#18 33.72 [INFO] Downloading from central: https://repo.maven.apache.org/maven2/org/apache/tomcat/embed/tomcat-embed-el/8.5.14/tomcat-embed-el-8.5.14.jar
#18 33.75 [INFO] Downloaded from central: https://repo.maven.apache.org/maven2/org/springframework/boot/spring-boot-starter-tomcat/1.5.3.RELEASE/spring-boot-starter-tomcat-1.5.3.RELEASE.jar (2.3 kB at 3.5 kB/s)
#18 33.75 [INFO] Downloading from central: https://repo.maven.apache.org/maven2/org/apache/tomcat/embed/tomcat-embed-websocket/8.5.14/tomcat-embed-websocket-8.5.14.jar
#18 33.92 [INFO] Downloaded from central: https://repo.maven.apache.org/maven2/org/apache/tomcat/embed/tomcat-embed-el/8.5.14/tomcat-embed-el-8.5.14.jar (240 kB at 288 kB/s)
#18 33.92 [INFO] Downloading from central: https://repo.maven.apache.org/maven2/org/hibernate/hibernate-validator/5.3.5.Final/hibernate-validator-5.3.5.Final.jar
#18 33.97 [INFO] Downloaded from central: https://repo.maven.apache.org/maven2/ch/qos/logback/logback-core/1.1.11/logback-core-1.1.11.jar (475 kB at 538 kB/s)
#18 33.97 [INFO] Downloading from central: https://repo.maven.apache.org/maven2/javax/validation/validation-api/1.1.0.Final/validation-api-1.1.0.Final.jar
#18 34.00 [INFO] Downloaded from central: https://repo.maven.apache.org/maven2/ch/qos/logback/logback-classic/1.1.11/logback-classic-1.1.11.jar (309 kB at 339 kB/s)
#18 34.00 [INFO] Downloading from central: https://repo.maven.apache.org/maven2/com/fasterxml/classmate/1.3.3/classmate-1.3.3.jar
#18 34.12 [INFO] Downloaded from central: https://repo.maven.apache.org/maven2/javax/validation/validation-api/1.1.0.Final/validation-api-1.1.0.Final.jar (64 kB at 62 kB/s)
#18 34.12 [INFO] Downloading from central: https://repo.maven.apache.org/maven2/com/fasterxml/jackson/core/jackson-databind/2.8.8/jackson-databind-2.8.8.jar
#18 34.14 [INFO] Downloaded from central: https://repo.maven.apache.org/maven2/com/fasterxml/classmate/1.3.3/classmate-1.3.3.jar (65 kB at 62 kB/s)
#18 34.14 [INFO] Downloading from central: https://repo.maven.apache.org/maven2/com/fasterxml/jackson/core/jackson-annotations/2.8.0/jackson-annotations-2.8.0.jar
#18 34.16 [INFO] Downloaded from central: https://repo.maven.apache.org/maven2/org/apache/tomcat/embed/tomcat-embed-websocket/8.5.14/tomcat-embed-websocket-8.5.14.jar (242 kB at 227 kB/s)
#18 34.16 [INFO] Downloading from central: https://repo.maven.apache.org/maven2/com/fasterxml/jackson/core/jackson-core/2.8.8/jackson-core-2.8.8.jar
#18 34.28 [INFO] Downloaded from central: https://repo.maven.apache.org/maven2/org/hibernate/hibernate-validator/5.3.5.Final/hibernate-validator-5.3.5.Final.jar (726 kB at 610 kB/s)
#18 34.28 [INFO] Downloading from central: https://repo.maven.apache.org/maven2/org/springframework/spring-web/4.3.8.RELEASE/spring-web-4.3.8.RELEASE.jar
#18 34.29 [INFO] Downloaded from central: https://repo.maven.apache.org/maven2/com/fasterxml/jackson/core/jackson-annotations/2.8.0/jackson-annotations-2.8.0.jar (56 kB at 46 kB/s)
#18 34.29 [INFO] Downloading from central: https://repo.maven.apache.org/maven2/org/springframework/spring-context/4.3.8.RELEASE/spring-context-4.3.8.RELEASE.jar
#18 34.46 [INFO] Downloaded from central: https://repo.maven.apache.org/maven2/com/fasterxml/jackson/core/jackson-core/2.8.8/jackson-core-2.8.8.jar (282 kB at 206 kB/s)
#18 34.46 [INFO] Downloading from central: https://repo.maven.apache.org/maven2/org/springframework/spring-webmvc/4.3.8.RELEASE/spring-webmvc-4.3.8.RELEASE.jar
#18 34.57 [INFO] Downloaded from central: https://repo.maven.apache.org/maven2/com/fasterxml/jackson/core/jackson-databind/2.8.8/jackson-databind-2.8.8.jar (1.2 MB at 837 kB/s)
#18 34.57 [INFO] Downloading from central: https://repo.maven.apache.org/maven2/org/springframework/spring-expression/4.3.8.RELEASE/spring-expression-4.3.8.RELEASE.jar
#18 34.59 [INFO] Downloaded from central: https://repo.maven.apache.org/maven2/org/springframework/spring-web/4.3.8.RELEASE/spring-web-4.3.8.RELEASE.jar (818 kB at 544 kB/s)
#18 34.59 [INFO] Downloading from central: https://repo.maven.apache.org/maven2/org/springframework/spring-core/4.3.9.RELEASE/spring-core-4.3.9.RELEASE.jar
#18 34.83 [INFO] Downloaded from central: https://repo.maven.apache.org/maven2/org/springframework/spring-expression/4.3.8.RELEASE/spring-expression-4.3.8.RELEASE.jar (263 kB at 151 kB/s)
#18 34.83 [INFO] Downloading from central: https://repo.maven.apache.org/maven2/org/springframework/boot/spring-boot-starter-freemarker/1.5.3.RELEASE/spring-boot-starter-freemarker-1.5.3.RELEASE.jar
#18 35.18 [INFO] Downloaded from central: https://repo.maven.apache.org/maven2/org/springframework/spring-context/4.3.8.RELEASE/spring-context-4.3.8.RELEASE.jar (1.1 MB at 546 kB/s)
#18 35.18 [INFO] Downloading from central: https://repo.maven.apache.org/maven2/org/freemarker/freemarker/2.3.26-incubating/freemarker-2.3.26-incubating.jar
#18 35.37 [INFO] Downloaded from central: https://repo.maven.apache.org/maven2/org/springframework/spring-webmvc/4.3.8.RELEASE/spring-webmvc-4.3.8.RELEASE.jar (916 kB at 401 kB/s)
#18 35.38 [INFO] Downloading from central: https://repo.maven.apache.org/maven2/org/springframework/spring-context-support/4.3.8.RELEASE/spring-context-support-4.3.8.RELEASE.jar
#18 35.39 [INFO] Downloaded from central: https://repo.maven.apache.org/maven2/org/springframework/boot/spring-boot-starter-freemarker/1.5.3.RELEASE/spring-boot-starter-freemarker-1.5.3.RELEASE.jar (2.3 kB at 1.0 kB/s)
#18 35.39 [INFO] Downloading from central: https://repo.maven.apache.org/maven2/org/springframework/boot/spring-boot-starter-data-jpa/1.5.3.RELEASE/spring-boot-starter-data-jpa-1.5.3.RELEASE.jar
#18 35.40 [INFO] Downloaded from central: https://repo.maven.apache.org/maven2/org/springframework/spring-core/4.3.9.RELEASE/spring-core-4.3.9.RELEASE.jar (1.1 MB at 486 kB/s)
#18 35.40 [INFO] Downloading from central: https://repo.maven.apache.org/maven2/org/springframework/boot/spring-boot-starter-aop/1.5.3.RELEASE/spring-boot-starter-aop-1.5.3.RELEASE.jar
#18 35.51 [INFO] Downloaded from central: https://repo.maven.apache.org/maven2/org/springframework/boot/spring-boot-starter-data-jpa/1.5.3.RELEASE/spring-boot-starter-data-jpa-1.5.3.RELEASE.jar (2.6 kB at 1.1 kB/s)
#18 35.51 [INFO] Downloading from central: https://repo.maven.apache.org/maven2/org/aspectj/aspectjweaver/1.8.10/aspectjweaver-1.8.10.jar
#18 35.99 [INFO] Downloaded from central: https://repo.maven.apache.org/maven2/org/springframework/spring-context-support/4.3.8.RELEASE/spring-context-support-4.3.8.RELEASE.jar (187 kB at 65 kB/s)
#18 35.99 [INFO] Downloading from central: https://repo.maven.apache.org/maven2/org/hibernate/hibernate-core/5.0.12.Final/hibernate-core-5.0.12.Final.jar
#18 36.07 [INFO] Downloaded from central: https://repo.maven.apache.org/maven2/org/freemarker/freemarker/2.3.26-incubating/freemarker-2.3.26-incubating.jar (1.5 MB at 503 kB/s)
#18 36.07 [INFO] Downloading from central: https://repo.maven.apache.org/maven2/org/hibernate/javax/persistence/hibernate-jpa-2.1-api/1.0.0.Final/hibernate-jpa-2.1-api-1.0.0.Final.jar
#18 36.14 [INFO] Downloaded from central: https://repo.maven.apache.org/maven2/org/springframework/boot/spring-boot-starter-aop/1.5.3.RELEASE/spring-boot-starter-aop-1.5.3.RELEASE.jar (2.2 kB at 737 B/s)
#18 36.14 [INFO] Downloading from central: https://repo.maven.apache.org/maven2/org/javassist/javassist/3.21.0-GA/javassist-3.21.0-GA.jar
#18 36.35 [INFO] Downloaded from central: https://repo.maven.apache.org/maven2/org/hibernate/javax/persistence/hibernate-jpa-2.1-api/1.0.0.Final/hibernate-jpa-2.1-api-1.0.0.Final.jar (113 kB at 35 kB/s)
#18 36.35 [INFO] Downloading from central: https://repo.maven.apache.org/maven2/antlr/antlr/2.7.7/antlr-2.7.7.jar
#18 36.83 [INFO] Downloaded from central: https://repo.maven.apache.org/maven2/org/apache/tomcat/embed/tomcat-embed-core/8.5.14/tomcat-embed-core-8.5.14.jar (3.0 MB at 816 kB/s)
#18 36.83 [INFO] Downloading from central: https://repo.maven.apache.org/maven2/org/jboss/jandex/2.0.0.Final/jandex-2.0.0.Final.jar
#18 36.92 [INFO] Downloaded from central: https://repo.maven.apache.org/maven2/org/aspectj/aspectjweaver/1.8.10/aspectjweaver-1.8.10.jar (1.9 MB at 504 kB/s)
#18 36.92 [INFO] Downloading from central: https://repo.maven.apache.org/maven2/dom4j/dom4j/1.6.1/dom4j-1.6.1.jar
#18 37.27 [INFO] Downloaded from central: https://repo.maven.apache.org/maven2/org/javassist/javassist/3.21.0-GA/javassist-3.21.0-GA.jar (735 kB at 176 kB/s)
#18 37.27 [INFO] Downloading from central: https://repo.maven.apache.org/maven2/org/hibernate/common/hibernate-commons-annotations/5.0.1.Final/hibernate-commons-annotations-5.0.1.Final.jar
#18 37.40 [INFO] Downloaded from central: https://repo.maven.apache.org/maven2/org/jboss/jandex/2.0.0.Final/jandex-2.0.0.Final.jar (188 kB at 44 kB/s)
#18 37.40 [INFO] Downloading from central: https://repo.maven.apache.org/maven2/org/hibernate/hibernate-entitymanager/5.0.12.Final/hibernate-entitymanager-5.0.12.Final.jar
#18 37.43 [INFO] Downloaded from central: https://repo.maven.apache.org/maven2/antlr/antlr/2.7.7/antlr-2.7.7.jar (445 kB at 103 kB/s)
#18 37.43 [INFO] Downloading from central: https://repo.maven.apache.org/maven2/javax/transaction/javax.transaction-api/1.2/javax.transaction-api-1.2.jar
#18 37.45 [INFO] Downloaded from central: https://repo.maven.apache.org/maven2/org/hibernate/common/hibernate-commons-annotations/5.0.1.Final/hibernate-commons-annotations-5.0.1.Final.jar (75 kB at 17 kB/s)
#18 37.45 [INFO] Downloading from central: https://repo.maven.apache.org/maven2/org/springframework/data/spring-data-jpa/1.11.3.RELEASE/spring-data-jpa-1.11.3.RELEASE.jar
#18 37.46 [INFO] Downloaded from central: https://repo.maven.apache.org/maven2/dom4j/dom4j/1.6.1/dom4j-1.6.1.jar (314 kB at 72 kB/s)
#18 37.46 [INFO] Downloading from central: https://repo.maven.apache.org/maven2/org/springframework/data/spring-data-commons/1.13.3.RELEASE/spring-data-commons-1.13.3.RELEASE.jar
#18 37.56 [INFO] Downloaded from central: https://repo.maven.apache.org/maven2/javax/transaction/javax.transaction-api/1.2/javax.transaction-api-1.2.jar (31 kB at 6.9 kB/s)
#18 37.56 [INFO] Downloading from central: https://repo.maven.apache.org/maven2/org/springframework/spring-orm/4.3.8.RELEASE/spring-orm-4.3.8.RELEASE.jar
#18 37.74 [INFO] Downloaded from central: https://repo.maven.apache.org/maven2/org/hibernate/hibernate-entitymanager/5.0.12.Final/hibernate-entitymanager-5.0.12.Final.jar (613 kB at 132 kB/s)
#18 37.74 [INFO] Downloading from central: https://repo.maven.apache.org/maven2/org/slf4j/jcl-over-slf4j/1.7.25/jcl-over-slf4j-1.7.25.jar
#18 37.75 [INFO] Downloaded from central: https://repo.maven.apache.org/maven2/org/springframework/data/spring-data-jpa/1.11.3.RELEASE/spring-data-jpa-1.11.3.RELEASE.jar (289 kB at 62 kB/s)
#18 37.75 [INFO] Downloading from central: https://repo.maven.apache.org/maven2/org/springframework/spring-aspects/4.3.8.RELEASE/spring-aspects-4.3.8.RELEASE.jar
#18 37.98 [INFO] Downloaded from central: https://repo.maven.apache.org/maven2/org/springframework/spring-orm/4.3.8.RELEASE/spring-orm-4.3.8.RELEASE.jar (477 kB at 98 kB/s)
#18 37.98 [INFO] Downloading from central: https://repo.maven.apache.org/maven2/com/zaxxer/HikariCP/2.5.1/HikariCP-2.5.1.jar
#18 38.06 [INFO] Downloaded from central: https://repo.maven.apache.org/maven2/org/springframework/data/spring-data-commons/1.13.3.RELEASE/spring-data-commons-1.13.3.RELEASE.jar (766 kB at 154 kB/s)
#18 38.07 [INFO] Downloading from central: https://repo.maven.apache.org/maven2/org/slf4j/slf4j-api/1.7.25/slf4j-api-1.7.25.jar
#18 38.08 [INFO] Downloaded from central: https://repo.maven.apache.org/maven2/org/springframework/spring-aspects/4.3.8.RELEASE/spring-aspects-4.3.8.RELEASE.jar (59 kB at 12 kB/s)
#18 38.08 [INFO] Downloading from central: https://repo.maven.apache.org/maven2/com/h2database/h2/1.4.187/h2-1.4.187.jar
#18 38.15 [INFO] Downloaded from central: https://repo.maven.apache.org/maven2/com/zaxxer/HikariCP/2.5.1/HikariCP-2.5.1.jar (136 kB at 27 kB/s)
#18 38.15 [INFO] Downloading from central: https://repo.maven.apache.org/maven2/org/postgresql/postgresql/9.4.1212.jre7/postgresql-9.4.1212.jre7.jar
#18 38.21 [INFO] Downloaded from central: https://repo.maven.apache.org/maven2/org/slf4j/slf4j-api/1.7.25/slf4j-api-1.7.25.jar (41 kB at 8.1 kB/s)
#18 38.21 [INFO] Downloading from central: https://repo.maven.apache.org/maven2/org/hibernate/hibernate-c3p0/5.2.10.Final/hibernate-c3p0-5.2.10.Final.jar
#18 38.34 [INFO] Downloaded from central: https://repo.maven.apache.org/maven2/org/hibernate/hibernate-c3p0/5.2.10.Final/hibernate-c3p0-5.2.10.Final.jar (12 kB at 2.2 kB/s)
#18 38.34 [INFO] Downloading from central: https://repo.maven.apache.org/maven2/org/jboss/logging/jboss-logging/3.3.1.Final/jboss-logging-3.3.1.Final.jar
#18 38.46 [INFO] Downloaded from central: https://repo.maven.apache.org/maven2/org/postgresql/postgresql/9.4.1212.jre7/postgresql-9.4.1212.jre7.jar (677 kB at 126 kB/s)
#18 38.46 [INFO] Downloading from central: https://repo.maven.apache.org/maven2/com/mchange/c3p0/0.9.5.2/c3p0-0.9.5.2.jar
#18 38.52 [INFO] Downloaded from central: https://repo.maven.apache.org/maven2/org/jboss/logging/jboss-logging/3.3.1.Final/jboss-logging-3.3.1.Final.jar (66 kB at 12 kB/s)
#18 38.52 [INFO] Downloading from central: https://repo.maven.apache.org/maven2/com/mchange/mchange-commons-java/0.2.11/mchange-commons-java-0.2.11.jar
#18 38.54 [INFO] Downloaded from central: https://repo.maven.apache.org/maven2/org/slf4j/jcl-over-slf4j/1.7.25/jcl-over-slf4j-1.7.25.jar (17 kB at 3.0 kB/s)
#18 38.54 [INFO] Downloading from central: https://repo.maven.apache.org/maven2/mysql/mysql-connector-java/5.1.41/mysql-connector-java-5.1.41.jar
#18 39.33 [INFO] Downloaded from central: https://repo.maven.apache.org/maven2/com/mchange/c3p0/0.9.5.2/c3p0-0.9.5.2.jar (498 kB at 80 kB/s)
#18 39.33 [INFO] Downloading from central: https://repo.maven.apache.org/maven2/com/microsoft/sqlserver/mssql-jdbc/6.1.0.jre8/mssql-jdbc-6.1.0.jre8.jar
#18 39.38 [INFO] Downloaded from central: https://repo.maven.apache.org/maven2/com/mchange/mchange-commons-java/0.2.11/mchange-commons-java-0.2.11.jar (606 kB at 96 kB/s)
#18 39.38 [INFO] Downloading from central: https://repo.maven.apache.org/maven2/com/microsoft/azure/azure-keyvault/0.9.3/azure-keyvault-0.9.3.jar
#18 39.39 [INFO] Downloaded from central: https://repo.maven.apache.org/maven2/mysql/mysql-connector-java/5.1.41/mysql-connector-java-5.1.41.jar (993 kB at 158 kB/s)
#18 39.39 [INFO] Downloading from central: https://repo.maven.apache.org/maven2/com/microsoft/azure/azure-core/0.9.3/azure-core-0.9.3.jar
#18 39.78 [INFO] Downloaded from central: https://repo.maven.apache.org/maven2/com/microsoft/azure/azure-core/0.9.3/azure-core-0.9.3.jar (165 kB at 25 kB/s)
#18 39.78 [INFO] Downloading from central: https://repo.maven.apache.org/maven2/commons-lang/commons-lang/2.6/commons-lang-2.6.jar
#18 39.89 [INFO] Downloaded from central: https://repo.maven.apache.org/maven2/com/h2database/h2/1.4.187/h2-1.4.187.jar (1.7 MB at 250 kB/s)
#18 39.89 [INFO] Downloading from central: https://repo.maven.apache.org/maven2/javax/mail/mail/1.4.5/mail-1.4.5.jar
#18 39.91 [INFO] Downloaded from central: https://repo.maven.apache.org/maven2/com/microsoft/sqlserver/mssql-jdbc/6.1.0.jre8/mssql-jdbc-6.1.0.jre8.jar (766 kB at 112 kB/s)
#18 39.91 [INFO] Downloading from central: https://repo.maven.apache.org/maven2/javax/activation/activation/1.1/activation-1.1.jar
#18 39.91 [INFO] Downloaded from central: https://repo.maven.apache.org/maven2/com/microsoft/azure/azure-keyvault/0.9.3/azure-keyvault-0.9.3.jar (122 kB at 18 kB/s)
#18 39.91 [INFO] Downloading from central: https://repo.maven.apache.org/maven2/com/sun/jersey/jersey-client/1.13/jersey-client-1.13.jar
#18 40.00 [INFO] Downloaded from central: https://repo.maven.apache.org/maven2/commons-lang/commons-lang/2.6/commons-lang-2.6.jar (284 kB at 41 kB/s)
#18 40.00 [INFO] Downloading from central: https://repo.maven.apache.org/maven2/com/sun/jersey/jersey-core/1.13/jersey-core-1.13.jar
#18 40.06 [INFO] Downloaded from central: https://repo.maven.apache.org/maven2/javax/activation/activation/1.1/activation-1.1.jar (63 kB at 9.0 kB/s)
#18 40.06 [INFO] Downloading from central: https://repo.maven.apache.org/maven2/com/sun/jersey/jersey-json/1.13/jersey-json-1.13.jar
#18 40.15 [INFO] Downloaded from central: https://repo.maven.apache.org/maven2/com/sun/jersey/jersey-client/1.13/jersey-client-1.13.jar (131 kB at 19 kB/s)
#18 40.15 [INFO] Downloading from central: https://repo.maven.apache.org/maven2/org/codehaus/jettison/jettison/1.1/jettison-1.1.jar
#18 40.25 [INFO] Downloaded from central: https://repo.maven.apache.org/maven2/com/sun/jersey/jersey-json/1.13/jersey-json-1.13.jar (163 kB at 23 kB/s)
#18 40.25 [INFO] Downloading from central: https://repo.maven.apache.org/maven2/stax/stax-api/1.0.1/stax-api-1.0.1.jar
#18 40.27 [INFO] Downloaded from central: https://repo.maven.apache.org/maven2/com/sun/jersey/jersey-core/1.13/jersey-core-1.13.jar (466 kB at 65 kB/s)
#18 40.27 [INFO] Downloading from central: https://repo.maven.apache.org/maven2/com/sun/xml/bind/jaxb-impl/2.2.3-1/jaxb-impl-2.2.3-1.jar
#18 40.33 [INFO] Downloaded from central: https://repo.maven.apache.org/maven2/org/codehaus/jettison/jettison/1.1/jettison-1.1.jar (68 kB at 9.4 kB/s)
#18 40.33 [INFO] Downloading from central: https://repo.maven.apache.org/maven2/javax/xml/bind/jaxb-api/2.2.2/jaxb-api-2.2.2.jar
#18 40.38 [INFO] Downloaded from central: https://repo.maven.apache.org/maven2/javax/mail/mail/1.4.5/mail-1.4.5.jar (508 kB at 70 kB/s)
#18 40.38 [INFO] Downloading from central: https://repo.maven.apache.org/maven2/javax/xml/stream/stax-api/1.0-2/stax-api-1.0-2.jar
#18 40.39 [INFO] Downloaded from central: https://repo.maven.apache.org/maven2/stax/stax-api/1.0.1/stax-api-1.0.1.jar (27 kB at 3.6 kB/s)
#18 40.39 [INFO] Downloading from central: https://repo.maven.apache.org/maven2/org/codehaus/jackson/jackson-core-asl/1.9.2/jackson-core-asl-1.9.2.jar
#18 40.41 [INFO] Downloaded from central: https://repo.maven.apache.org/maven2/org/hibernate/hibernate-core/5.0.12.Final/hibernate-core-5.0.12.Final.jar (5.6 MB at 768 kB/s)
#18 40.41 [INFO] Downloading from central: https://repo.maven.apache.org/maven2/org/codehaus/jackson/jackson-mapper-asl/1.9.2/jackson-mapper-asl-1.9.2.jar
#18 40.53 [INFO] Downloaded from central: https://repo.maven.apache.org/maven2/javax/xml/stream/stax-api/1.0-2/stax-api-1.0-2.jar (23 kB at 3.1 kB/s)
#18 40.53 [INFO] Downloading from central: https://repo.maven.apache.org/maven2/org/codehaus/jackson/jackson-jaxrs/1.9.2/jackson-jaxrs-1.9.2.jar
#18 40.55 [INFO] Downloaded from central: https://repo.maven.apache.org/maven2/javax/xml/bind/jaxb-api/2.2.2/jaxb-api-2.2.2.jar (105 kB at 14 kB/s)
#18 40.55 [INFO] Downloading from central: https://repo.maven.apache.org/maven2/org/codehaus/jackson/jackson-xc/1.9.2/jackson-xc-1.9.2.jar
#18 40.58 [INFO] Downloaded from central: https://repo.maven.apache.org/maven2/org/codehaus/jackson/jackson-core-asl/1.9.2/jackson-core-asl-1.9.2.jar (228 kB at 30 kB/s)
#18 40.58 [INFO] Downloading from central: https://repo.maven.apache.org/maven2/javax/inject/javax.inject/1/javax.inject-1.jar
#18 40.72 [INFO] Downloaded from central: https://repo.maven.apache.org/maven2/com/sun/xml/bind/jaxb-impl/2.2.3-1/jaxb-impl-2.2.3-1.jar (890 kB at 117 kB/s)
#18 40.72 [INFO] Downloading from central: https://repo.maven.apache.org/maven2/com/microsoft/azure/adal4j/1.0.0/adal4j-1.0.0.jar
#18 40.72 [INFO] Downloaded from central: https://repo.maven.apache.org/maven2/javax/inject/javax.inject/1/javax.inject-1.jar (2.5 kB at 327 B/s)
#18 40.72 [INFO] Downloading from central: https://repo.maven.apache.org/maven2/com/nimbusds/oauth2-oidc-sdk/4.5/oauth2-oidc-sdk-4.5.jar
#18 40.72 [INFO] Downloaded from central: https://repo.maven.apache.org/maven2/org/codehaus/jackson/jackson-jaxrs/1.9.2/jackson-jaxrs-1.9.2.jar (18 kB at 2.4 kB/s)
#18 40.72 [INFO] Downloading from central: https://repo.maven.apache.org/maven2/net/jcip/jcip-annotations/1.0/jcip-annotations-1.0.jar
#18 40.73 [INFO] Downloaded from central: https://repo.maven.apache.org/maven2/org/codehaus/jackson/jackson-xc/1.9.2/jackson-xc-1.9.2.jar (27 kB at 3.5 kB/s)
#18 40.73 [INFO] Downloading from central: https://repo.maven.apache.org/maven2/com/nimbusds/lang-tag/1.4/lang-tag-1.4.jar
#18 40.88 [INFO] Downloaded from central: https://repo.maven.apache.org/maven2/com/nimbusds/lang-tag/1.4/lang-tag-1.4.jar (10 kB at 1.3 kB/s)
#18 40.88 [INFO] Downloading from central: https://repo.maven.apache.org/maven2/com/nimbusds/nimbus-jose-jwt/3.1.2/nimbus-jose-jwt-3.1.2.jar
#18 40.89 [INFO] Downloaded from central: https://repo.maven.apache.org/maven2/com/microsoft/azure/adal4j/1.0.0/adal4j-1.0.0.jar (66 kB at 8.5 kB/s)
#18 40.89 [INFO] Downloaded from central: https://repo.maven.apache.org/maven2/net/jcip/jcip-annotations/1.0/jcip-annotations-1.0.jar (2.3 kB at 289 B/s)
#18 40.89 [INFO] Downloading from central: https://repo.maven.apache.org/maven2/org/bouncycastle/bcprov-jdk15on/1.51/bcprov-jdk15on-1.51.jar
#18 40.89 [INFO] Downloading from central: https://repo.maven.apache.org/maven2/com/google/code/gson/gson/2.8.0/gson-2.8.0.jar
#18 41.07 [INFO] Downloaded from central: https://repo.maven.apache.org/maven2/com/nimbusds/oauth2-oidc-sdk/4.5/oauth2-oidc-sdk-4.5.jar (245 kB at 31 kB/s)
#18 41.07 [INFO] Downloading from central: https://repo.maven.apache.org/maven2/org/springframework/boot/spring-boot-starter-jdbc/1.5.3.RELEASE/spring-boot-starter-jdbc-1.5.3.RELEASE.jar
#18 41.08 [INFO] Downloaded from central: https://repo.maven.apache.org/maven2/org/codehaus/jackson/jackson-mapper-asl/1.9.2/jackson-mapper-asl-1.9.2.jar (766 kB at 96 kB/s)
#18 41.08 [INFO] Downloading from central: https://repo.maven.apache.org/maven2/org/apache/tomcat/tomcat-jdbc/8.5.14/tomcat-jdbc-8.5.14.jar
#18 41.08 [INFO] Downloaded from central: https://repo.maven.apache.org/maven2/com/google/code/gson/gson/2.8.0/gson-2.8.0.jar (232 kB at 29 kB/s)
#18 41.08 [INFO] Downloading from central: https://repo.maven.apache.org/maven2/org/apache/tomcat/tomcat-juli/8.5.14/tomcat-juli-8.5.14.jar
#18 41.12 [INFO] Downloaded from central: https://repo.maven.apache.org/maven2/com/nimbusds/nimbus-jose-jwt/3.1.2/nimbus-jose-jwt-3.1.2.jar (175 kB at 22 kB/s)
#18 41.12 [INFO] Downloading from central: https://repo.maven.apache.org/maven2/org/springframework/spring-jdbc/4.3.8.RELEASE/spring-jdbc-4.3.8.RELEASE.jar
#18 41.20 [INFO] Downloaded from central: https://repo.maven.apache.org/maven2/org/springframework/boot/spring-boot-starter-jdbc/1.5.3.RELEASE/spring-boot-starter-jdbc-1.5.3.RELEASE.jar (2.3 kB at 278 B/s)
#18 41.20 [INFO] Downloading from central: https://repo.maven.apache.org/maven2/org/springframework/spring-beans/4.3.8.RELEASE/spring-beans-4.3.8.RELEASE.jar
#18 41.25 [INFO] Downloaded from central: https://repo.maven.apache.org/maven2/org/apache/tomcat/tomcat-juli/8.5.14/tomcat-juli-8.5.14.jar (41 kB at 5.0 kB/s)
#18 41.25 [INFO] Downloading from central: https://repo.maven.apache.org/maven2/org/springframework/spring-tx/4.3.8.RELEASE/spring-tx-4.3.8.RELEASE.jar
#18 41.32 [INFO] Downloaded from central: https://repo.maven.apache.org/maven2/org/apache/tomcat/tomcat-jdbc/8.5.14/tomcat-jdbc-8.5.14.jar (144 kB at 18 kB/s)
#18 41.32 [INFO] Downloading from central: https://repo.maven.apache.org/maven2/com/googlecode/json-simple/json-simple/1.1.1/json-simple-1.1.1.jar
#18 41.61 [INFO] Downloaded from central: https://repo.maven.apache.org/maven2/org/springframework/spring-tx/4.3.8.RELEASE/spring-tx-4.3.8.RELEASE.jar (267 kB at 31 kB/s)
#18 41.61 [INFO] Downloading from central: https://repo.maven.apache.org/maven2/junit/junit/4.12/junit-4.12.jar
#18 41.73 [INFO] Downloaded from central: https://repo.maven.apache.org/maven2/org/springframework/spring-jdbc/4.3.8.RELEASE/spring-jdbc-4.3.8.RELEASE.jar (428 kB at 50 kB/s)
#18 41.73 [INFO] Downloading from central: https://repo.maven.apache.org/maven2/org/springframework/boot/spring-boot-starter-security/1.5.3.RELEASE/spring-boot-starter-security-1.5.3.RELEASE.jar
#18 41.83 [INFO] Downloaded from central: https://repo.maven.apache.org/maven2/com/googlecode/json-simple/json-simple/1.1.1/json-simple-1.1.1.jar (24 kB at 2.7 kB/s)
#18 41.83 [INFO] Downloading from central: https://repo.maven.apache.org/maven2/org/springframework/spring-aop/4.3.8.RELEASE/spring-aop-4.3.8.RELEASE.jar
#18 41.88 [INFO] Downloaded from central: https://repo.maven.apache.org/maven2/org/springframework/boot/spring-boot-starter-security/1.5.3.RELEASE/spring-boot-starter-security-1.5.3.RELEASE.jar (2.3 kB at 263 B/s)
#18 41.88 [INFO] Downloading from central: https://repo.maven.apache.org/maven2/org/springframework/security/spring-security-config/4.2.2.RELEASE/spring-security-config-4.2.2.RELEASE.jar
#18 41.92 [INFO] Downloaded from central: https://repo.maven.apache.org/maven2/org/springframework/spring-beans/4.3.8.RELEASE/spring-beans-4.3.8.RELEASE.jar (763 kB at 86 kB/s)
#18 41.92 [INFO] Downloading from central: https://repo.maven.apache.org/maven2/org/springframework/security/spring-security-core/4.2.2.RELEASE/spring-security-core-4.2.2.RELEASE.jar
#18 41.97 [INFO] Downloaded from central: https://repo.maven.apache.org/maven2/junit/junit/4.12/junit-4.12.jar (315 kB at 35 kB/s)
#18 41.97 [INFO] Downloading from central: https://repo.maven.apache.org/maven2/org/springframework/security/spring-security-web/4.2.2.RELEASE/spring-security-web-4.2.2.RELEASE.jar
#18 42.41 [INFO] Downloaded from central: https://repo.maven.apache.org/maven2/org/bouncycastle/bcprov-jdk15on/1.51/bcprov-jdk15on-1.51.jar (2.8 MB at 305 kB/s)
#18 42.41 [INFO] Downloading from central: https://repo.maven.apache.org/maven2/io/jsonwebtoken/jjwt/0.7.0/jjwt-0.7.0.jar
#18 42.41 [INFO] Downloaded from central: https://repo.maven.apache.org/maven2/org/springframework/security/spring-security-web/4.2.2.RELEASE/spring-security-web-4.2.2.RELEASE.jar (384 kB at 41 kB/s)
#18 42.41 [INFO] Downloading from central: https://repo.maven.apache.org/maven2/org/springframework/boot/spring-boot-devtools/1.5.3.RELEASE/spring-boot-devtools-1.5.3.RELEASE.jar
#18 42.44 [INFO] Downloaded from central: https://repo.maven.apache.org/maven2/org/springframework/security/spring-security-core/4.2.2.RELEASE/spring-security-core-4.2.2.RELEASE.jar (396 kB at 42 kB/s)
#18 42.44 [INFO] Downloading from central: https://repo.maven.apache.org/maven2/org/springframework/boot/spring-boot/1.5.3.RELEASE/spring-boot-1.5.3.RELEASE.jar
#18 42.50 [INFO] Downloaded from central: https://repo.maven.apache.org/maven2/org/springframework/spring-aop/4.3.8.RELEASE/spring-aop-4.3.8.RELEASE.jar (381 kB at 40 kB/s)
#18 42.50 [INFO] Downloading from central: https://repo.maven.apache.org/maven2/org/springframework/boot/spring-boot-autoconfigure/1.5.3.RELEASE/spring-boot-autoconfigure-1.5.3.RELEASE.jar
#18 42.50 [INFO] Downloaded from central: https://repo.maven.apache.org/maven2/org/springframework/security/spring-security-config/4.2.2.RELEASE/spring-security-config-4.2.2.RELEASE.jar (588 kB at 63 kB/s)
#18 42.50 [INFO] Downloading from central: https://repo.maven.apache.org/maven2/org/springframework/boot/spring-boot-starter-test/1.5.3.RELEASE/spring-boot-starter-test-1.5.3.RELEASE.jar
#18 42.62 [INFO] Downloaded from central: https://repo.maven.apache.org/maven2/io/jsonwebtoken/jjwt/0.7.0/jjwt-0.7.0.jar (111 kB at 12 kB/s)
#18 42.62 [INFO] Downloading from central: https://repo.maven.apache.org/maven2/org/springframework/boot/spring-boot-test/1.5.3.RELEASE/spring-boot-test-1.5.3.RELEASE.jar
#18 42.63 [INFO] Downloaded from central: https://repo.maven.apache.org/maven2/org/springframework/boot/spring-boot-starter-test/1.5.3.RELEASE/spring-boot-starter-test-1.5.3.RELEASE.jar (2.7 kB at 279 B/s)
#18 42.63 [INFO] Downloading from central: https://repo.maven.apache.org/maven2/org/springframework/boot/spring-boot-test-autoconfigure/1.5.3.RELEASE/spring-boot-test-autoconfigure-1.5.3.RELEASE.jar
#18 42.74 [INFO] Downloaded from central: https://repo.maven.apache.org/maven2/org/springframework/boot/spring-boot-devtools/1.5.3.RELEASE/spring-boot-devtools-1.5.3.RELEASE.jar (216 kB at 22 kB/s)
#18 42.74 [INFO] Downloading from central: https://repo.maven.apache.org/maven2/com/jayway/jsonpath/json-path/2.2.0/json-path-2.2.0.jar
#18 42.80 [INFO] Downloaded from central: https://repo.maven.apache.org/maven2/org/springframework/boot/spring-boot-test/1.5.3.RELEASE/spring-boot-test-1.5.3.RELEASE.jar (142 kB at 15 kB/s)
#18 42.80 [INFO] Downloading from central: https://repo.maven.apache.org/maven2/net/minidev/json-smart/2.2.1/json-smart-2.2.1.jar
#18 42.84 [INFO] Downloaded from central: https://repo.maven.apache.org/maven2/org/springframework/boot/spring-boot-test-autoconfigure/1.5.3.RELEASE/spring-boot-test-autoconfigure-1.5.3.RELEASE.jar (123 kB at 13 kB/s)
#18 42.84 [INFO] Downloading from central: https://repo.maven.apache.org/maven2/net/minidev/accessors-smart/1.1/accessors-smart-1.1.jar
#18 42.98 [INFO] Downloaded from central: https://repo.maven.apache.org/maven2/net/minidev/json-smart/2.2.1/json-smart-2.2.1.jar (121 kB at 12 kB/s)
#18 42.98 [INFO] Downloading from central: https://repo.maven.apache.org/maven2/org/ow2/asm/asm/5.0.3/asm-5.0.3.jar
#18 43.02 [INFO] Downloaded from central: https://repo.maven.apache.org/maven2/net/minidev/accessors-smart/1.1/accessors-smart-1.1.jar (81 kB at 8.1 kB/s)
#18 43.02 [INFO] Downloading from central: https://repo.maven.apache.org/maven2/org/assertj/assertj-core/2.6.0/assertj-core-2.6.0.jar
#18 43.04 [INFO] Downloaded from central: https://repo.maven.apache.org/maven2/com/jayway/jsonpath/json-path/2.2.0/json-path-2.2.0.jar (207 kB at 21 kB/s)
#18 43.04 [INFO] Downloading from central: https://repo.maven.apache.org/maven2/org/mockito/mockito-core/1.10.19/mockito-core-1.10.19.jar
#18 43.08 [INFO] Downloaded from central: https://repo.maven.apache.org/maven2/org/springframework/boot/spring-boot/1.5.3.RELEASE/spring-boot-1.5.3.RELEASE.jar (671 kB at 67 kB/s)
#18 43.08 [INFO] Downloading from central: https://repo.maven.apache.org/maven2/org/objenesis/objenesis/2.1/objenesis-2.1.jar
#18 43.14 [INFO] Downloaded from central: https://repo.maven.apache.org/maven2/org/ow2/asm/asm/5.0.3/asm-5.0.3.jar (53 kB at 5.3 kB/s)
#18 43.14 [INFO] Downloading from central: https://repo.maven.apache.org/maven2/org/hamcrest/hamcrest-core/1.3/hamcrest-core-1.3.jar
#18 43.26 [INFO] Downloaded from central: https://repo.maven.apache.org/maven2/org/objenesis/objenesis/2.1/objenesis-2.1.jar (42 kB at 4.1 kB/s)
#18 43.26 [INFO] Downloading from central: https://repo.maven.apache.org/maven2/org/skyscreamer/jsonassert/1.4.0/jsonassert-1.4.0.jar
#18 43.29 [INFO] Downloaded from central: https://repo.maven.apache.org/maven2/org/hamcrest/hamcrest-core/1.3/hamcrest-core-1.3.jar (45 kB at 4.4 kB/s)
#18 43.29 [INFO] Downloading from central: https://repo.maven.apache.org/maven2/com/vaadin/external/google/android-json/0.0.20131108.vaadin1/android-json-0.0.20131108.vaadin1.jar
#18 43.35 [INFO] Downloaded from central: https://repo.maven.apache.org/maven2/org/springframework/boot/spring-boot-autoconfigure/1.5.3.RELEASE/spring-boot-autoconfigure-1.5.3.RELEASE.jar (1.1 MB at 104 kB/s)
#18 43.35 [INFO] Downloading from central: https://repo.maven.apache.org/maven2/org/springframework/spring-test/4.3.8.RELEASE/spring-test-4.3.8.RELEASE.jar
#18 43.41 [INFO] Downloaded from central: https://repo.maven.apache.org/maven2/org/skyscreamer/jsonassert/1.4.0/jsonassert-1.4.0.jar (29 kB at 2.8 kB/s)
#18 43.41 [INFO] Downloading from central: https://repo.maven.apache.org/maven2/org/mockito/mockito-all/1.9.5/mockito-all-1.9.5.jar
#18 43.44 [INFO] Downloaded from central: https://repo.maven.apache.org/maven2/com/vaadin/external/google/android-json/0.0.20131108.vaadin1/android-json-0.0.20131108.vaadin1.jar (18 kB at 1.8 kB/s)
#18 43.44 [INFO] Downloading from central: https://repo.maven.apache.org/maven2/org/hamcrest/hamcrest-library/1.3/hamcrest-library-1.3.jar
#18 43.59 [INFO] Downloaded from central: https://repo.maven.apache.org/maven2/org/hamcrest/hamcrest-library/1.3/hamcrest-library-1.3.jar (53 kB at 5.1 kB/s)
#18 43.59 [INFO] Downloading from central: https://repo.maven.apache.org/maven2/io/rest-assured/rest-assured/3.0.2/rest-assured-3.0.2.jar
#18 43.79 [INFO] Downloaded from central: https://repo.maven.apache.org/maven2/org/assertj/assertj-core/2.6.0/assertj-core-2.6.0.jar (979 kB at 92 kB/s)
#18 43.79 [INFO] Downloading from central: https://repo.maven.apache.org/maven2/org/codehaus/groovy/groovy/2.4.10/groovy-2.4.10.jar
#18 43.91 [INFO] Downloaded from central: https://repo.maven.apache.org/maven2/org/springframework/spring-test/4.3.8.RELEASE/spring-test-4.3.8.RELEASE.jar (599 kB at 55 kB/s)
#18 43.91 [INFO] Downloading from central: https://repo.maven.apache.org/maven2/org/codehaus/groovy/groovy-xml/2.4.10/groovy-xml-2.4.10.jar
#18 43.92 [INFO] Downloaded from central: https://repo.maven.apache.org/maven2/io/rest-assured/rest-assured/3.0.2/rest-assured-3.0.2.jar (610 kB at 56 kB/s)
#18 43.92 [INFO] Downloading from central: https://repo.maven.apache.org/maven2/org/apache/httpcomponents/httpclient/4.5.3/httpclient-4.5.3.jar
#18 43.94 [INFO] Downloaded from central: https://repo.maven.apache.org/maven2/org/mockito/mockito-core/1.10.19/mockito-core-1.10.19.jar (1.2 MB at 108 kB/s)
#18 43.94 [INFO] Downloading from central: https://repo.maven.apache.org/maven2/org/apache/httpcomponents/httpcore/4.4.6/httpcore-4.4.6.jar
#18 44.42 [INFO] Downloaded from central: https://repo.maven.apache.org/maven2/org/codehaus/groovy/groovy-xml/2.4.10/groovy-xml-2.4.10.jar (215 kB at 19 kB/s)
#18 44.42 [INFO] Downloading from central: https://repo.maven.apache.org/maven2/commons-codec/commons-codec/1.10/commons-codec-1.10.jar
#18 44.53 [INFO] Downloaded from central: https://repo.maven.apache.org/maven2/org/apache/httpcomponents/httpcore/4.4.6/httpcore-4.4.6.jar (324 kB at 28 kB/s)
#18 44.53 [INFO] Downloading from central: https://repo.maven.apache.org/maven2/org/apache/httpcomponents/httpmime/4.5.3/httpmime-4.5.3.jar
#18 44.60 [INFO] Downloaded from central: https://repo.maven.apache.org/maven2/org/mockito/mockito-all/1.9.5/mockito-all-1.9.5.jar (1.6 MB at 137 kB/s)
#18 44.60 [INFO] Downloading from central: https://repo.maven.apache.org/maven2/org/ccil/cowan/tagsoup/tagsoup/1.2.1/tagsoup-1.2.1.jar
#18 44.72 [INFO] Downloaded from central: https://repo.maven.apache.org/maven2/org/apache/httpcomponents/httpclient/4.5.3/httpclient-4.5.3.jar (748 kB at 64 kB/s)
#18 44.72 [INFO] Downloading from central: https://repo.maven.apache.org/maven2/io/rest-assured/json-path/3.0.2/json-path-3.0.2.jar
#18 44.75 [INFO] Downloaded from central: https://repo.maven.apache.org/maven2/org/apache/httpcomponents/httpmime/4.5.3/httpmime-4.5.3.jar (41 kB at 3.5 kB/s)
#18 44.75 [INFO] Downloading from central: https://repo.maven.apache.org/maven2/org/codehaus/groovy/groovy-json/2.4.10/groovy-json-2.4.10.jar
#18 44.80 [INFO] Downloaded from central: https://repo.maven.apache.org/maven2/org/ccil/cowan/tagsoup/tagsoup/1.2.1/tagsoup-1.2.1.jar (91 kB at 7.7 kB/s)
#18 44.80 [INFO] Downloading from central: https://repo.maven.apache.org/maven2/io/rest-assured/rest-assured-common/3.0.2/rest-assured-common-3.0.2.jar
#18 44.83 [INFO] Downloaded from central: https://repo.maven.apache.org/maven2/commons-codec/commons-codec/1.10/commons-codec-1.10.jar (284 kB at 24 kB/s)
#18 44.83 [INFO] Downloading from central: https://repo.maven.apache.org/maven2/io/rest-assured/xml-path/3.0.2/xml-path-3.0.2.jar
#18 44.88 [INFO] Downloaded from central: https://repo.maven.apache.org/maven2/io/rest-assured/json-path/3.0.2/json-path-3.0.2.jar (53 kB at 4.5 kB/s)
#18 44.88 [INFO] Downloading from central: https://repo.maven.apache.org/maven2/org/apache/commons/commons-lang3/3.4/commons-lang3-3.4.jar
#18 44.96 [INFO] Downloaded from central: https://repo.maven.apache.org/maven2/io/rest-assured/rest-assured-common/3.0.2/rest-assured-common-3.0.2.jar (39 kB at 3.2 kB/s)
#18 44.98 [INFO] Downloaded from central: https://repo.maven.apache.org/maven2/org/codehaus/groovy/groovy-json/2.4.10/groovy-json-2.4.10.jar (128 kB at 11 kB/s)
#18 45.03 [INFO] Downloaded from central: https://repo.maven.apache.org/maven2/io/rest-assured/xml-path/3.0.2/xml-path-3.0.2.jar (71 kB at 6.0 kB/s)
#18 45.16 [INFO] Downloaded from central: https://repo.maven.apache.org/maven2/org/apache/commons/commons-lang3/3.4/commons-lang3-3.4.jar (435 kB at 36 kB/s)
#18 46.48 [INFO] Downloaded from central: https://repo.maven.apache.org/maven2/org/codehaus/groovy/groovy/2.4.10/groovy-2.4.10.jar (4.6 MB at 341 kB/s)
#18 46.55 [INFO] 
#18 46.55 [INFO] --- dependency:2.10:resolve (default-cli) @ AtSea ---
#18 46.56 [INFO] Downloading from central: https://repo.maven.apache.org/maven2/org/apache/maven/maven-artifact/2.2.1/maven-artifact-2.2.1.pom
#18 46.71 [INFO] Downloaded from central: https://repo.maven.apache.org/maven2/org/apache/maven/maven-artifact/2.2.1/maven-artifact-2.2.1.pom (1.6 kB at 10 kB/s)
#18 46.72 [INFO] Downloading from central: https://repo.maven.apache.org/maven2/org/apache/maven/maven/2.2.1/maven-2.2.1.pom
#18 46.84 [INFO] Downloaded from central: https://repo.maven.apache.org/maven2/org/apache/maven/maven/2.2.1/maven-2.2.1.pom (22 kB at 175 kB/s)
#18 46.85 [INFO] Downloading from central: https://repo.maven.apache.org/maven2/org/apache/maven/maven-parent/11/maven-parent-11.pom
#18 47.02 [INFO] Downloaded from central: https://repo.maven.apache.org/maven2/org/apache/maven/maven-parent/11/maven-parent-11.pom (32 kB at 192 kB/s)
#18 47.02 [INFO] Downloading from central: https://repo.maven.apache.org/maven2/org/apache/apache/5/apache-5.pom
#18 47.14 [INFO] Downloaded from central: https://repo.maven.apache.org/maven2/org/apache/apache/5/apache-5.pom (4.1 kB at 33 kB/s)
#18 47.14 [INFO] Downloading from central: https://repo.maven.apache.org/maven2/org/codehaus/plexus/plexus-utils/1.5.15/plexus-utils-1.5.15.pom
#18 47.27 [INFO] Downloaded from central: https://repo.maven.apache.org/maven2/org/codehaus/plexus/plexus-utils/1.5.15/plexus-utils-1.5.15.pom (6.8 kB at 53 kB/s)
#18 47.28 [INFO] Downloading from central: https://repo.maven.apache.org/maven2/org/codehaus/plexus/plexus/2.0.2/plexus-2.0.2.pom
#18 47.41 [INFO] Downloaded from central: https://repo.maven.apache.org/maven2/org/codehaus/plexus/plexus/2.0.2/plexus-2.0.2.pom (12 kB at 87 kB/s)
#18 47.41 [INFO] Downloading from central: https://repo.maven.apache.org/maven2/org/apache/maven/maven-plugin-api/2.2.1/maven-plugin-api-2.2.1.pom
#18 47.54 [INFO] Downloaded from central: https://repo.maven.apache.org/maven2/org/apache/maven/maven-plugin-api/2.2.1/maven-plugin-api-2.2.1.pom (1.5 kB at 11 kB/s)
#18 47.55 [INFO] Downloading from central: https://repo.maven.apache.org/maven2/org/apache/maven/maven-project/2.2.1/maven-project-2.2.1.pom
#18 47.73 [INFO] Downloaded from central: https://repo.maven.apache.org/maven2/org/apache/maven/maven-project/2.2.1/maven-project-2.2.1.pom (2.8 kB at 15 kB/s)
#18 47.75 [INFO] Downloading from central: https://repo.maven.apache.org/maven2/org/apache/maven/maven-settings/2.2.1/maven-settings-2.2.1.pom
#18 47.89 [INFO] Downloaded from central: https://repo.maven.apache.org/maven2/org/apache/maven/maven-settings/2.2.1/maven-settings-2.2.1.pom (2.2 kB at 16 kB/s)
#18 47.89 [INFO] Downloading from central: https://repo.maven.apache.org/maven2/org/apache/maven/maven-model/2.2.1/maven-model-2.2.1.pom
#18 48.02 [INFO] Downloaded from central: https://repo.maven.apache.org/maven2/org/apache/maven/maven-model/2.2.1/maven-model-2.2.1.pom (3.2 kB at 25 kB/s)
#18 48.03 [INFO] Downloading from central: https://repo.maven.apache.org/maven2/org/codehaus/plexus/plexus-interpolation/1.11/plexus-interpolation-1.11.pom
#18 48.46 [INFO] Downloaded from central: https://repo.maven.apache.org/maven2/org/codehaus/plexus/plexus-interpolation/1.11/plexus-interpolation-1.11.pom (889 B at 2.1 kB/s)
#18 48.46 [INFO] Downloading from central: https://repo.maven.apache.org/maven2/org/codehaus/plexus/plexus-components/1.1.14/plexus-components-1.1.14.pom
#18 48.59 [INFO] Downloaded from central: https://repo.maven.apache.org/maven2/org/codehaus/plexus/plexus-components/1.1.14/plexus-components-1.1.14.pom (5.8 kB at 46 kB/s)
#18 48.59 [INFO] Downloading from central: https://repo.maven.apache.org/maven2/org/codehaus/plexus/plexus-container-default/1.0-alpha-9-stable-1/plexus-container-default-1.0-alpha-9-stable-1.pom
#18 48.73 [INFO] Downloaded from central: https://repo.maven.apache.org/maven2/org/codehaus/plexus/plexus-container-default/1.0-alpha-9-stable-1/plexus-container-default-1.0-alpha-9-stable-1.pom (3.9 kB at 30 kB/s)
#18 48.73 [INFO] Downloading from central: https://repo.maven.apache.org/maven2/org/codehaus/plexus/plexus-containers/1.0.3/plexus-containers-1.0.3.pom
#18 48.86 [INFO] Downloaded from central: https://repo.maven.apache.org/maven2/org/codehaus/plexus/plexus-containers/1.0.3/plexus-containers-1.0.3.pom (492 B at 3.8 kB/s)
#18 48.86 [INFO] Downloading from central: https://repo.maven.apache.org/maven2/org/codehaus/plexus/plexus/1.0.4/plexus-1.0.4.pom
#18 49.00 [INFO] Downloaded from central: https://repo.maven.apache.org/maven2/org/codehaus/plexus/plexus/1.0.4/plexus-1.0.4.pom (5.7 kB at 41 kB/s)
#18 49.01 [INFO] Downloading from central: https://repo.maven.apache.org/maven2/junit/junit/3.8.1/junit-3.8.1.pom
#18 49.13 [INFO] Downloaded from central: https://repo.maven.apache.org/maven2/junit/junit/3.8.1/junit-3.8.1.pom (998 B at 7.9 kB/s)
#18 49.14 [INFO] Downloading from central: https://repo.maven.apache.org/maven2/org/codehaus/plexus/plexus-utils/1.0.4/plexus-utils-1.0.4.pom
#18 49.27 [INFO] Downloaded from central: https://repo.maven.apache.org/maven2/org/codehaus/plexus/plexus-utils/1.0.4/plexus-utils-1.0.4.pom (6.9 kB at 53 kB/s)
#18 49.27 [INFO] Downloading from central: https://repo.maven.apache.org/maven2/classworlds/classworlds/1.1-alpha-2/classworlds-1.1-alpha-2.pom
#18 49.40 [INFO] Downloaded from central: https://repo.maven.apache.org/maven2/classworlds/classworlds/1.1-alpha-2/classworlds-1.1-alpha-2.pom (3.1 kB at 24 kB/s)
#18 49.40 [INFO] Downloading from central: https://repo.maven.apache.org/maven2/org/apache/maven/maven-profile/2.2.1/maven-profile-2.2.1.pom
#18 49.54 [INFO] Downloaded from central: https://repo.maven.apache.org/maven2/org/apache/maven/maven-profile/2.2.1/maven-profile-2.2.1.pom (2.2 kB at 17 kB/s)
#18 49.54 [INFO] Downloading from central: https://repo.maven.apache.org/maven2/org/apache/maven/maven-artifact-manager/2.2.1/maven-artifact-manager-2.2.1.pom
#18 49.71 [INFO] Downloaded from central: https://repo.maven.apache.org/maven2/org/apache/maven/maven-artifact-manager/2.2.1/maven-artifact-manager-2.2.1.pom (3.1 kB at 18 kB/s)
#18 49.72 [INFO] Downloading from central: https://repo.maven.apache.org/maven2/org/apache/maven/maven-repository-metadata/2.2.1/maven-repository-metadata-2.2.1.pom
#18 49.85 [INFO] Downloaded from central: https://repo.maven.apache.org/maven2/org/apache/maven/maven-repository-metadata/2.2.1/maven-repository-metadata-2.2.1.pom (1.9 kB at 15 kB/s)
#18 49.85 [INFO] Downloading from central: https://repo.maven.apache.org/maven2/backport-util-concurrent/backport-util-concurrent/3.1/backport-util-concurrent-3.1.pom
#18 49.98 [INFO] Downloaded from central: https://repo.maven.apache.org/maven2/backport-util-concurrent/backport-util-concurrent/3.1/backport-util-concurrent-3.1.pom (880 B at 6.9 kB/s)
#18 49.98 [INFO] Downloading from central: https://repo.maven.apache.org/maven2/org/apache/maven/maven-plugin-registry/2.2.1/maven-plugin-registry-2.2.1.pom
#18 50.11 [INFO] Downloaded from central: https://repo.maven.apache.org/maven2/org/apache/maven/maven-plugin-registry/2.2.1/maven-plugin-registry-2.2.1.pom (1.9 kB at 15 kB/s)
#18 50.12 [INFO] Downloading from central: https://repo.maven.apache.org/maven2/org/apache/maven/maven-core/2.2.1/maven-core-2.2.1.pom
#18 50.25 [INFO] Downloaded from central: https://repo.maven.apache.org/maven2/org/apache/maven/maven-core/2.2.1/maven-core-2.2.1.pom (12 kB at 89 kB/s)
#18 50.26 [INFO] Downloading from central: https://repo.maven.apache.org/maven2/org/apache/maven/maven-plugin-parameter-documenter/2.2.1/maven-plugin-parameter-documenter-2.2.1.pom
#18 50.38 [INFO] Downloaded from central: https://repo.maven.apache.org/maven2/org/apache/maven/maven-plugin-parameter-documenter/2.2.1/maven-plugin-parameter-documenter-2.2.1.pom (2.0 kB at 15 kB/s)
#18 50.39 [INFO] Downloading from central: https://repo.maven.apache.org/maven2/org/slf4j/slf4j-jdk14/1.5.6/slf4j-jdk14-1.5.6.pom
#18 50.51 [INFO] Downloaded from central: https://repo.maven.apache.org/maven2/org/slf4j/slf4j-jdk14/1.5.6/slf4j-jdk14-1.5.6.pom (1.9 kB at 15 kB/s)
#18 50.51 [INFO] Downloading from central: https://repo.maven.apache.org/maven2/org/slf4j/slf4j-parent/1.5.6/slf4j-parent-1.5.6.pom
#18 50.65 [INFO] Downloaded from central: https://repo.maven.apache.org/maven2/org/slf4j/slf4j-parent/1.5.6/slf4j-parent-1.5.6.pom (7.9 kB at 61 kB/s)
#18 50.65 [INFO] Downloading from central: https://repo.maven.apache.org/maven2/org/slf4j/slf4j-api/1.5.6/slf4j-api-1.5.6.pom
#18 50.78 [INFO] Downloaded from central: https://repo.maven.apache.org/maven2/org/slf4j/slf4j-api/1.5.6/slf4j-api-1.5.6.pom (3.0 kB at 23 kB/s)
#18 50.78 [INFO] Downloading from central: https://repo.maven.apache.org/maven2/org/slf4j/jcl-over-slf4j/1.5.6/jcl-over-slf4j-1.5.6.pom
#18 50.91 [INFO] Downloaded from central: https://repo.maven.apache.org/maven2/org/slf4j/jcl-over-slf4j/1.5.6/jcl-over-slf4j-1.5.6.pom (2.2 kB at 16 kB/s)
#18 50.92 [INFO] Downloading from central: https://repo.maven.apache.org/maven2/org/apache/maven/reporting/maven-reporting-api/2.2.1/maven-reporting-api-2.2.1.pom
#18 51.09 [INFO] Downloaded from central: https://repo.maven.apache.org/maven2/org/apache/maven/reporting/maven-reporting-api/2.2.1/maven-reporting-api-2.2.1.pom (1.9 kB at 11 kB/s)
#18 51.09 [INFO] Downloading from central: https://repo.maven.apache.org/maven2/org/apache/maven/reporting/maven-reporting/2.2.1/maven-reporting-2.2.1.pom
#18 51.23 [INFO] Downloaded from central: https://repo.maven.apache.org/maven2/org/apache/maven/reporting/maven-reporting/2.2.1/maven-reporting-2.2.1.pom (1.4 kB at 11 kB/s)
#18 51.23 [INFO] Downloading from central: https://repo.maven.apache.org/maven2/org/apache/maven/doxia/doxia-sink-api/1.1/doxia-sink-api-1.1.pom
#18 51.36 [INFO] Downloaded from central: https://repo.maven.apache.org/maven2/org/apache/maven/doxia/doxia-sink-api/1.1/doxia-sink-api-1.1.pom (2.0 kB at 16 kB/s)
#18 51.37 [INFO] Downloading from central: https://repo.maven.apache.org/maven2/org/apache/maven/doxia/doxia/1.1/doxia-1.1.pom
#18 51.49 [INFO] Downloaded from central: https://repo.maven.apache.org/maven2/org/apache/maven/doxia/doxia/1.1/doxia-1.1.pom (15 kB at 120 kB/s)
#18 51.49 [INFO] Downloading from central: https://repo.maven.apache.org/maven2/org/apache/maven/doxia/doxia-logging-api/1.1/doxia-logging-api-1.1.pom
#18 51.62 [INFO] Downloaded from central: https://repo.maven.apache.org/maven2/org/apache/maven/doxia/doxia-logging-api/1.1/doxia-logging-api-1.1.pom (1.6 kB at 12 kB/s)
#18 51.63 [INFO] Downloading from central: https://repo.maven.apache.org/maven2/org/codehaus/plexus/plexus-container-default/1.0-alpha-30/plexus-container-default-1.0-alpha-30.pom
#18 51.75 [INFO] Downloaded from central: https://repo.maven.apache.org/maven2/org/codehaus/plexus/plexus-container-default/1.0-alpha-30/plexus-container-default-1.0-alpha-30.pom (3.5 kB at 27 kB/s)
#18 51.76 [INFO] Downloading from central: https://repo.maven.apache.org/maven2/org/codehaus/plexus/plexus-containers/1.0-alpha-30/plexus-containers-1.0-alpha-30.pom
#18 51.89 [INFO] Downloaded from central: https://repo.maven.apache.org/maven2/org/codehaus/plexus/plexus-containers/1.0-alpha-30/plexus-containers-1.0-alpha-30.pom (1.9 kB at 14 kB/s)
#18 51.89 [INFO] Downloading from central: https://repo.maven.apache.org/maven2/org/codehaus/plexus/plexus/1.0.11/plexus-1.0.11.pom
#18 52.02 [INFO] Downloaded from central: https://repo.maven.apache.org/maven2/org/codehaus/plexus/plexus/1.0.11/plexus-1.0.11.pom (9.0 kB at 70 kB/s)
#18 52.02 [INFO] Downloading from central: https://repo.maven.apache.org/maven2/org/codehaus/plexus/plexus-utils/1.4.5/plexus-utils-1.4.5.pom
#18 52.16 [INFO] Downloaded from central: https://repo.maven.apache.org/maven2/org/codehaus/plexus/plexus-utils/1.4.5/plexus-utils-1.4.5.pom (2.3 kB at 16 kB/s)
#18 52.17 [INFO] Downloading from central: https://repo.maven.apache.org/maven2/org/codehaus/plexus/plexus-classworlds/1.2-alpha-9/plexus-classworlds-1.2-alpha-9.pom
#18 52.29 [INFO] Downloaded from central: https://repo.maven.apache.org/maven2/org/codehaus/plexus/plexus-classworlds/1.2-alpha-9/plexus-classworlds-1.2-alpha-9.pom (3.2 kB at 26 kB/s)
#18 52.29 [INFO] Downloading from central: https://repo.maven.apache.org/maven2/org/codehaus/plexus/plexus/1.0.10/plexus-1.0.10.pom
#18 52.42 [INFO] Downloaded from central: https://repo.maven.apache.org/maven2/org/codehaus/plexus/plexus/1.0.10/plexus-1.0.10.pom (8.2 kB at 66 kB/s)
#18 52.42 [INFO] Downloading from central: https://repo.maven.apache.org/maven2/org/apache/maven/maven-error-diagnostics/2.2.1/maven-error-diagnostics-2.2.1.pom
#18 52.56 [INFO] Downloaded from central: https://repo.maven.apache.org/maven2/org/apache/maven/maven-error-diagnostics/2.2.1/maven-error-diagnostics-2.2.1.pom (1.7 kB at 13 kB/s)
#18 52.56 [INFO] Downloading from central: https://repo.maven.apache.org/maven2/commons-cli/commons-cli/1.2/commons-cli-1.2.pom
#18 52.73 [INFO] Downloaded from central: https://repo.maven.apache.org/maven2/commons-cli/commons-cli/1.2/commons-cli-1.2.pom (8.0 kB at 48 kB/s)
#18 52.73 [INFO] Downloading from central: https://repo.maven.apache.org/maven2/org/apache/commons/commons-parent/11/commons-parent-11.pom
#18 52.87 [INFO] Downloaded from central: https://repo.maven.apache.org/maven2/org/apache/commons/commons-parent/11/commons-parent-11.pom (25 kB at 179 kB/s)
#18 52.87 [INFO] Downloading from central: https://repo.maven.apache.org/maven2/org/apache/apache/4/apache-4.pom
#18 53.00 [INFO] Downloaded from central: https://repo.maven.apache.org/maven2/org/apache/apache/4/apache-4.pom (4.5 kB at 35 kB/s)
#18 53.01 [INFO] Downloading from central: https://repo.maven.apache.org/maven2/org/apache/maven/maven-plugin-descriptor/2.2.1/maven-plugin-descriptor-2.2.1.pom
#18 53.14 [INFO] Downloaded from central: https://repo.maven.apache.org/maven2/org/apache/maven/maven-plugin-descriptor/2.2.1/maven-plugin-descriptor-2.2.1.pom (2.1 kB at 16 kB/s)
#18 53.14 [INFO] Downloading from central: https://repo.maven.apache.org/maven2/org/codehaus/plexus/plexus-interactivity-api/1.0-alpha-4/plexus-interactivity-api-1.0-alpha-4.pom
#18 53.28 [INFO] Downloaded from central: https://repo.maven.apache.org/maven2/org/codehaus/plexus/plexus-interactivity-api/1.0-alpha-4/plexus-interactivity-api-1.0-alpha-4.pom (7.1 kB at 53 kB/s)
#18 53.28 [INFO] Downloading from central: https://repo.maven.apache.org/maven2/org/apache/maven/maven-monitor/2.2.1/maven-monitor-2.2.1.pom
#18 53.40 [INFO] Downloaded from central: https://repo.maven.apache.org/maven2/org/apache/maven/maven-monitor/2.2.1/maven-monitor-2.2.1.pom (1.3 kB at 10.0 kB/s)
#18 53.41 [INFO] Downloading from central: https://repo.maven.apache.org/maven2/classworlds/classworlds/1.1/classworlds-1.1.pom
#18 53.54 [INFO] Downloaded from central: https://repo.maven.apache.org/maven2/classworlds/classworlds/1.1/classworlds-1.1.pom (3.3 kB at 25 kB/s)
#18 53.54 [INFO] Downloading from central: https://repo.maven.apache.org/maven2/org/sonatype/plexus/plexus-sec-dispatcher/1.3/plexus-sec-dispatcher-1.3.pom
#18 53.71 [INFO] Downloaded from central: https://repo.maven.apache.org/maven2/org/sonatype/plexus/plexus-sec-dispatcher/1.3/plexus-sec-dispatcher-1.3.pom (3.0 kB at 17 kB/s)
#18 53.72 [INFO] Downloading from central: https://repo.maven.apache.org/maven2/org/sonatype/spice/spice-parent/12/spice-parent-12.pom
#18 53.85 [INFO] Downloaded from central: https://repo.maven.apache.org/maven2/org/sonatype/spice/spice-parent/12/spice-parent-12.pom (6.8 kB at 51 kB/s)
#18 53.85 [INFO] Downloading from central: https://repo.maven.apache.org/maven2/org/sonatype/forge/forge-parent/4/forge-parent-4.pom
#18 53.98 [INFO] Downloaded from central: https://repo.maven.apache.org/maven2/org/sonatype/forge/forge-parent/4/forge-parent-4.pom (8.4 kB at 65 kB/s)
#18 53.99 [INFO] Downloading from central: https://repo.maven.apache.org/maven2/org/codehaus/plexus/plexus-utils/1.5.5/plexus-utils-1.5.5.pom
#18 54.13 [INFO] Downloaded from central: https://repo.maven.apache.org/maven2/org/codehaus/plexus/plexus-utils/1.5.5/plexus-utils-1.5.5.pom (5.1 kB at 37 kB/s)
#18 54.13 [INFO] Downloading from central: https://repo.maven.apache.org/maven2/org/sonatype/plexus/plexus-cipher/1.4/plexus-cipher-1.4.pom
#18 54.27 [INFO] Downloaded from central: https://repo.maven.apache.org/maven2/org/sonatype/plexus/plexus-cipher/1.4/plexus-cipher-1.4.pom (2.1 kB at 15 kB/s)
#18 54.27 [INFO] Downloading from central: https://repo.maven.apache.org/maven2/org/apache/maven/reporting/maven-reporting-api/3.0/maven-reporting-api-3.0.pom
#18 54.41 [INFO] Downloaded from central: https://repo.maven.apache.org/maven2/org/apache/maven/reporting/maven-reporting-api/3.0/maven-reporting-api-3.0.pom (2.4 kB at 17 kB/s)
#18 54.42 [INFO] Downloading from central: https://repo.maven.apache.org/maven2/org/apache/maven/shared/maven-shared-components/15/maven-shared-components-15.pom
#18 54.55 [INFO] Downloaded from central: https://repo.maven.apache.org/maven2/org/apache/maven/shared/maven-shared-components/15/maven-shared-components-15.pom (9.3 kB at 70 kB/s)
#18 54.56 [INFO] Downloading from central: https://repo.maven.apache.org/maven2/org/apache/maven/maven-parent/16/maven-parent-16.pom
#18 54.71 [INFO] Downloaded from central: https://repo.maven.apache.org/maven2/org/apache/maven/maven-parent/16/maven-parent-16.pom (23 kB at 146 kB/s)
#18 54.72 [INFO] Downloading from central: https://repo.maven.apache.org/maven2/org/apache/maven/doxia/doxia-sink-api/1.0/doxia-sink-api-1.0.pom
#18 54.85 [INFO] Downloaded from central: https://repo.maven.apache.org/maven2/org/apache/maven/doxia/doxia-sink-api/1.0/doxia-sink-api-1.0.pom (1.4 kB at 11 kB/s)
#18 54.85 [INFO] Downloading from central: https://repo.maven.apache.org/maven2/org/apache/maven/doxia/doxia/1.0/doxia-1.0.pom
#18 54.99 [INFO] Downloaded from central: https://repo.maven.apache.org/maven2/org/apache/maven/doxia/doxia/1.0/doxia-1.0.pom (9.6 kB at 70 kB/s)
#18 54.99 [INFO] Downloading from central: https://repo.maven.apache.org/maven2/org/apache/maven/maven-parent/10/maven-parent-10.pom
#18 55.13 [INFO] Downloaded from central: https://repo.maven.apache.org/maven2/org/apache/maven/maven-parent/10/maven-parent-10.pom (32 kB at 220 kB/s)
#18 55.14 [INFO] Downloading from central: https://repo.maven.apache.org/maven2/org/apache/maven/reporting/maven-reporting-impl/2.2/maven-reporting-impl-2.2.pom
#18 55.28 [INFO] Downloaded from central: https://repo.maven.apache.org/maven2/org/apache/maven/reporting/maven-reporting-impl/2.2/maven-reporting-impl-2.2.pom (4.7 kB at 33 kB/s)
#18 55.28 [INFO] Downloading from central: https://repo.maven.apache.org/maven2/org/apache/maven/shared/maven-shared-components/17/maven-shared-components-17.pom
#18 55.41 [INFO] Downloaded from central: https://repo.maven.apache.org/maven2/org/apache/maven/shared/maven-shared-components/17/maven-shared-components-17.pom (8.7 kB at 66 kB/s)
#18 55.41 [INFO] Downloading from central: https://repo.maven.apache.org/maven2/org/apache/maven/maven-parent/21/maven-parent-21.pom
#18 55.56 [INFO] Downloaded from central: https://repo.maven.apache.org/maven2/org/apache/maven/maven-parent/21/maven-parent-21.pom (26 kB at 177 kB/s)
#18 55.57 [INFO] Downloading from central: https://repo.maven.apache.org/maven2/org/apache/apache/10/apache-10.pom
#18 55.72 [INFO] Downloaded from central: https://repo.maven.apache.org/maven2/org/apache/apache/10/apache-10.pom (15 kB at 96 kB/s)
#18 55.73 [INFO] Downloading from central: https://repo.maven.apache.org/maven2/org/apache/maven/doxia/doxia-sink-api/1.2/doxia-sink-api-1.2.pom
#18 55.86 [INFO] Downloaded from central: https://repo.maven.apache.org/maven2/org/apache/maven/doxia/doxia-sink-api/1.2/doxia-sink-api-1.2.pom (1.6 kB at 13 kB/s)
#18 55.86 [INFO] Downloading from central: https://repo.maven.apache.org/maven2/org/apache/maven/doxia/doxia/1.2/doxia-1.2.pom
#18 56.00 [INFO] Downloaded from central: https://repo.maven.apache.org/maven2/org/apache/maven/doxia/doxia/1.2/doxia-1.2.pom (19 kB at 137 kB/s)
#18 56.00 [INFO] Downloading from central: https://repo.maven.apache.org/maven2/org/apache/maven/maven-parent/19/maven-parent-19.pom
#18 56.13 [INFO] Downloaded from central: https://repo.maven.apache.org/maven2/org/apache/maven/maven-parent/19/maven-parent-19.pom (25 kB at 189 kB/s)
#18 56.14 [INFO] Downloading from central: https://repo.maven.apache.org/maven2/org/apache/maven/doxia/doxia-logging-api/1.2/doxia-logging-api-1.2.pom
#18 56.28 [INFO] Downloaded from central: https://repo.maven.apache.org/maven2/org/apache/maven/doxia/doxia-logging-api/1.2/doxia-logging-api-1.2.pom (1.6 kB at 12 kB/s)
#18 56.28 [INFO] Downloading from central: https://repo.maven.apache.org/maven2/org/apache/maven/doxia/doxia-core/1.2/doxia-core-1.2.pom
#18 56.42 [INFO] Downloaded from central: https://repo.maven.apache.org/maven2/org/apache/maven/doxia/doxia-core/1.2/doxia-core-1.2.pom (4.0 kB at 28 kB/s)
#18 56.42 [INFO] Downloading from central: https://repo.maven.apache.org/maven2/org/codehaus/plexus/plexus-utils/2.0.5/plexus-utils-2.0.5.pom
#18 56.55 [INFO] Downloaded from central: https://repo.maven.apache.org/maven2/org/codehaus/plexus/plexus-utils/2.0.5/plexus-utils-2.0.5.pom (3.3 kB at 26 kB/s)
#18 56.55 [INFO] Downloading from central: https://repo.maven.apache.org/maven2/org/codehaus/plexus/plexus/2.0.6/plexus-2.0.6.pom
#18 56.71 [INFO] Downloaded from central: https://repo.maven.apache.org/maven2/org/codehaus/plexus/plexus/2.0.6/plexus-2.0.6.pom (17 kB at 105 kB/s)
#18 56.72 [INFO] Downloading from central: https://repo.maven.apache.org/maven2/xerces/xercesImpl/2.9.1/xercesImpl-2.9.1.pom
#18 56.85 [INFO] Downloaded from central: https://repo.maven.apache.org/maven2/xerces/xercesImpl/2.9.1/xercesImpl-2.9.1.pom (1.4 kB at 10 kB/s)
#18 56.85 [INFO] Downloading from central: https://repo.maven.apache.org/maven2/xml-apis/xml-apis/1.3.04/xml-apis-1.3.04.pom
#18 56.98 [INFO] Downloaded from central: https://repo.maven.apache.org/maven2/xml-apis/xml-apis/1.3.04/xml-apis-1.3.04.pom (1.8 kB at 14 kB/s)
#18 56.98 [INFO] Downloading from central: https://repo.maven.apache.org/maven2/commons-lang/commons-lang/2.4/commons-lang-2.4.pom
#18 57.11 [INFO] Downloaded from central: https://repo.maven.apache.org/maven2/commons-lang/commons-lang/2.4/commons-lang-2.4.pom (14 kB at 104 kB/s)
#18 57.12 [INFO] Downloading from central: https://repo.maven.apache.org/maven2/org/apache/commons/commons-parent/9/commons-parent-9.pom
#18 57.27 [INFO] Downloaded from central: https://repo.maven.apache.org/maven2/org/apache/commons/commons-parent/9/commons-parent-9.pom (22 kB at 151 kB/s)
#18 57.27 [INFO] Downloading from central: https://repo.maven.apache.org/maven2/org/apache/httpcomponents/httpclient/4.0.2/httpclient-4.0.2.pom
#18 57.39 [INFO] Downloaded from central: https://repo.maven.apache.org/maven2/org/apache/httpcomponents/httpclient/4.0.2/httpclient-4.0.2.pom (7.5 kB at 58 kB/s)
#18 57.40 [INFO] Downloading from central: https://repo.maven.apache.org/maven2/org/apache/httpcomponents/httpcomponents-client/4.0.2/httpcomponents-client-4.0.2.pom
#18 57.53 [INFO] Downloaded from central: https://repo.maven.apache.org/maven2/org/apache/httpcomponents/httpcomponents-client/4.0.2/httpcomponents-client-4.0.2.pom (9.0 kB at 66 kB/s)
#18 57.53 [INFO] Downloading from central: https://repo.maven.apache.org/maven2/org/apache/httpcomponents/project/4.1/project-4.1.pom
#18 57.73 [INFO] Downloaded from central: https://repo.maven.apache.org/maven2/org/apache/httpcomponents/project/4.1/project-4.1.pom (16 kB at 84 kB/s)
#18 57.74 [INFO] Downloading from central: https://repo.maven.apache.org/maven2/org/apache/httpcomponents/httpcore/4.0.1/httpcore-4.0.1.pom
#18 57.87 [INFO] Downloaded from central: https://repo.maven.apache.org/maven2/org/apache/httpcomponents/httpcore/4.0.1/httpcore-4.0.1.pom (4.9 kB at 36 kB/s)
#18 57.87 [INFO] Downloading from central: https://repo.maven.apache.org/maven2/org/apache/httpcomponents/httpcomponents-core/4.0.1/httpcomponents-core-4.0.1.pom
#18 58.01 [INFO] Downloaded from central: https://repo.maven.apache.org/maven2/org/apache/httpcomponents/httpcomponents-core/4.0.1/httpcomponents-core-4.0.1.pom (9.4 kB at 72 kB/s)
#18 58.01 [INFO] Downloading from central: https://repo.maven.apache.org/maven2/org/apache/httpcomponents/project/4.0/project-4.0.pom
#18 58.14 [INFO] Downloaded from central: https://repo.maven.apache.org/maven2/org/apache/httpcomponents/project/4.0/project-4.0.pom (13 kB at 98 kB/s)
#18 58.14 [INFO] Downloading from central: https://repo.maven.apache.org/maven2/commons-logging/commons-logging/1.1.1/commons-logging-1.1.1.pom
#18 58.29 [INFO] Downloaded from central: https://repo.maven.apache.org/maven2/commons-logging/commons-logging/1.1.1/commons-logging-1.1.1.pom (18 kB at 122 kB/s)
#18 58.30 [INFO] Downloading from central: https://repo.maven.apache.org/maven2/org/apache/commons/commons-parent/5/commons-parent-5.pom
#18 58.42 [INFO] Downloaded from central: https://repo.maven.apache.org/maven2/org/apache/commons/commons-parent/5/commons-parent-5.pom (16 kB at 127 kB/s)
#18 58.42 [INFO] Downloading from central: https://repo.maven.apache.org/maven2/commons-codec/commons-codec/1.3/commons-codec-1.3.pom
#18 58.87 [INFO] Downloaded from central: https://repo.maven.apache.org/maven2/commons-codec/commons-codec/1.3/commons-codec-1.3.pom (6.1 kB at 14 kB/s)
#18 58.87 [INFO] Downloading from central: https://repo.maven.apache.org/maven2/org/apache/maven/doxia/doxia-site-renderer/1.2/doxia-site-renderer-1.2.pom
#18 59.02 [INFO] Downloaded from central: https://repo.maven.apache.org/maven2/org/apache/maven/doxia/doxia-site-renderer/1.2/doxia-site-renderer-1.2.pom (6.2 kB at 42 kB/s)
#18 59.03 [INFO] Downloading from central: https://repo.maven.apache.org/maven2/org/apache/maven/doxia/doxia-sitetools/1.2/doxia-sitetools-1.2.pom
#18 59.16 [INFO] Downloaded from central: https://repo.maven.apache.org/maven2/org/apache/maven/doxia/doxia-sitetools/1.2/doxia-sitetools-1.2.pom (16 kB at 121 kB/s)
#18 59.17 [INFO] Downloading from central: https://repo.maven.apache.org/maven2/org/apache/maven/doxia/doxia-decoration-model/1.2/doxia-decoration-model-1.2.pom
#18 59.30 [INFO] Downloaded from central: https://repo.maven.apache.org/maven2/org/apache/maven/doxia/doxia-decoration-model/1.2/doxia-decoration-model-1.2.pom (3.1 kB at 23 kB/s)
#18 59.31 [INFO] Downloading from central: https://repo.maven.apache.org/maven2/org/apache/maven/doxia/doxia-module-xhtml/1.2/doxia-module-xhtml-1.2.pom
#18 59.43 [INFO] Downloaded from central: https://repo.maven.apache.org/maven2/org/apache/maven/doxia/doxia-module-xhtml/1.2/doxia-module-xhtml-1.2.pom (1.8 kB at 14 kB/s)
#18 59.44 [INFO] Downloading from central: https://repo.maven.apache.org/maven2/org/apache/maven/doxia/doxia-modules/1.2/doxia-modules-1.2.pom
#18 59.89 [INFO] Downloaded from central: https://repo.maven.apache.org/maven2/org/apache/maven/doxia/doxia-modules/1.2/doxia-modules-1.2.pom (2.5 kB at 5.5 kB/s)
#18 59.90 [INFO] Downloading from central: https://repo.maven.apache.org/maven2/org/apache/maven/doxia/doxia-module-fml/1.2/doxia-module-fml-1.2.pom
#18 60.02 [INFO] Downloaded from central: https://repo.maven.apache.org/maven2/org/apache/maven/doxia/doxia-module-fml/1.2/doxia-module-fml-1.2.pom (5.6 kB at 45 kB/s)
#18 60.03 [INFO] Downloading from central: https://repo.maven.apache.org/maven2/org/codehaus/plexus/plexus-i18n/1.0-beta-7/plexus-i18n-1.0-beta-7.pom
#18 60.47 [INFO] Downloaded from central: https://repo.maven.apache.org/maven2/org/codehaus/plexus/plexus-i18n/1.0-beta-7/plexus-i18n-1.0-beta-7.pom (1.1 kB at 2.4 kB/s)
#18 60.47 [INFO] Downloading from central: https://repo.maven.apache.org/maven2/org/codehaus/plexus/plexus-components/1.1.12/plexus-components-1.1.12.pom
#18 60.61 [INFO] Downloaded from central: https://repo.maven.apache.org/maven2/org/codehaus/plexus/plexus-components/1.1.12/plexus-components-1.1.12.pom (3.0 kB at 21 kB/s)
#18 60.62 [INFO] Downloading from central: https://repo.maven.apache.org/maven2/org/codehaus/plexus/plexus-utils/1.4.1/plexus-utils-1.4.1.pom
#18 60.77 [INFO] Downloaded from central: https://repo.maven.apache.org/maven2/org/codehaus/plexus/plexus-utils/1.4.1/plexus-utils-1.4.1.pom (1.9 kB at 13 kB/s)
#18 60.77 [INFO] Downloading from central: https://repo.maven.apache.org/maven2/org/codehaus/plexus/plexus-velocity/1.1.7/plexus-velocity-1.1.7.pom
#18 60.91 [INFO] Downloaded from central: https://repo.maven.apache.org/maven2/org/codehaus/plexus/plexus-velocity/1.1.7/plexus-velocity-1.1.7.pom (2.0 kB at 14 kB/s)
#18 60.92 [INFO] Downloading from central: https://repo.maven.apache.org/maven2/org/codehaus/plexus/plexus-container-default/1.0-alpha-20/plexus-container-default-1.0-alpha-20.pom
#18 61.04 [INFO] Downloaded from central: https://repo.maven.apache.org/maven2/org/codehaus/plexus/plexus-container-default/1.0-alpha-20/plexus-container-default-1.0-alpha-20.pom (3.0 kB at 23 kB/s)
#18 61.05 [INFO] Downloading from central: https://repo.maven.apache.org/maven2/org/codehaus/plexus/plexus-containers/1.0-alpha-20/plexus-containers-1.0-alpha-20.pom
#18 61.19 [INFO] Downloaded from central: https://repo.maven.apache.org/maven2/org/codehaus/plexus/plexus-containers/1.0-alpha-20/plexus-containers-1.0-alpha-20.pom (1.9 kB at 13 kB/s)
#18 61.19 [INFO] Downloading from central: https://repo.maven.apache.org/maven2/org/codehaus/plexus/plexus-utils/1.3/plexus-utils-1.3.pom
#18 61.33 [INFO] Downloaded from central: https://repo.maven.apache.org/maven2/org/codehaus/plexus/plexus-utils/1.3/plexus-utils-1.3.pom (1.0 kB at 7.4 kB/s)
#18 61.34 [INFO] Downloading from central: https://repo.maven.apache.org/maven2/org/codehaus/plexus/plexus/1.0.8/plexus-1.0.8.pom
#18 61.46 [INFO] Downloaded from central: https://repo.maven.apache.org/maven2/org/codehaus/plexus/plexus/1.0.8/plexus-1.0.8.pom (7.2 kB at 57 kB/s)
#18 61.47 [INFO] Downloading from central: https://repo.maven.apache.org/maven2/org/codehaus/plexus/plexus-classworlds/1.2-alpha-7/plexus-classworlds-1.2-alpha-7.pom
#18 61.61 [INFO] Downloaded from central: https://repo.maven.apache.org/maven2/org/codehaus/plexus/plexus-classworlds/1.2-alpha-7/plexus-classworlds-1.2-alpha-7.pom (2.4 kB at 17 kB/s)
#18 61.61 [INFO] Downloading from central: https://repo.maven.apache.org/maven2/org/codehaus/plexus/plexus/1.0.9/plexus-1.0.9.pom
#18 61.75 [INFO] Downloaded from central: https://repo.maven.apache.org/maven2/org/codehaus/plexus/plexus/1.0.9/plexus-1.0.9.pom (7.7 kB at 56 kB/s)
#18 61.75 [INFO] Downloading from central: https://repo.maven.apache.org/maven2/org/apache/velocity/velocity/1.5/velocity-1.5.pom
#18 61.88 [INFO] Downloaded from central: https://repo.maven.apache.org/maven2/org/apache/velocity/velocity/1.5/velocity-1.5.pom (7.8 kB at 59 kB/s)
#18 61.89 [INFO] Downloading from central: https://repo.maven.apache.org/maven2/commons-collections/commons-collections/3.1/commons-collections-3.1.pom
#18 62.02 [INFO] Downloaded from central: https://repo.maven.apache.org/maven2/commons-collections/commons-collections/3.1/commons-collections-3.1.pom (6.1 kB at 46 kB/s)
#18 62.02 [INFO] Downloading from central: https://repo.maven.apache.org/maven2/commons-lang/commons-lang/2.1/commons-lang-2.1.pom
#18 62.16 [INFO] Downloaded from central: https://repo.maven.apache.org/maven2/commons-lang/commons-lang/2.1/commons-lang-2.1.pom (9.9 kB at 74 kB/s)
#18 62.16 [INFO] Downloading from central: https://repo.maven.apache.org/maven2/oro/oro/2.0.8/oro-2.0.8.pom
#18 62.29 [INFO] Downloaded from central: https://repo.maven.apache.org/maven2/oro/oro/2.0.8/oro-2.0.8.pom (140 B at 1.1 kB/s)
#18 62.29 [INFO] Downloading from central: https://repo.maven.apache.org/maven2/commons-collections/commons-collections/3.2.1/commons-collections-3.2.1.pom
#18 62.42 [INFO] Downloaded from central: https://repo.maven.apache.org/maven2/commons-collections/commons-collections/3.2.1/commons-collections-3.2.1.pom (13 kB at 95 kB/s)
#18 62.44 [INFO] Downloading from central: https://repo.maven.apache.org/maven2/commons-validator/commons-validator/1.3.1/commons-validator-1.3.1.pom
#18 62.86 [INFO] Downloaded from central: https://repo.maven.apache.org/maven2/commons-validator/commons-validator/1.3.1/commons-validator-1.3.1.pom (9.0 kB at 21 kB/s)
#18 62.87 [INFO] Downloading from central: https://repo.maven.apache.org/maven2/commons-beanutils/commons-beanutils/1.7.0/commons-beanutils-1.7.0.pom
#18 63.00 [INFO] Downloaded from central: https://repo.maven.apache.org/maven2/commons-beanutils/commons-beanutils/1.7.0/commons-beanutils-1.7.0.pom (357 B at 2.8 kB/s)
#18 63.00 [INFO] Downloading from central: https://repo.maven.apache.org/maven2/commons-logging/commons-logging/1.0.3/commons-logging-1.0.3.pom
#18 63.12 [INFO] Downloaded from central: https://repo.maven.apache.org/maven2/commons-logging/commons-logging/1.0.3/commons-logging-1.0.3.pom (866 B at 6.7 kB/s)
#18 63.13 [INFO] Downloading from central: https://repo.maven.apache.org/maven2/commons-digester/commons-digester/1.6/commons-digester-1.6.pom
#18 63.26 [INFO] Downloaded from central: https://repo.maven.apache.org/maven2/commons-digester/commons-digester/1.6/commons-digester-1.6.pom (974 B at 7.4 kB/s)
#18 63.27 [INFO] Downloading from central: https://repo.maven.apache.org/maven2/commons-beanutils/commons-beanutils/1.6/commons-beanutils-1.6.pom
#18 63.40 [INFO] Downloaded from central: https://repo.maven.apache.org/maven2/commons-beanutils/commons-beanutils/1.6/commons-beanutils-1.6.pom (2.3 kB at 17 kB/s)
#18 63.40 [INFO] Downloading from central: https://repo.maven.apache.org/maven2/commons-logging/commons-logging/1.0/commons-logging-1.0.pom
#18 63.54 [INFO] Downloaded from central: https://repo.maven.apache.org/maven2/commons-logging/commons-logging/1.0/commons-logging-1.0.pom (163 B at 1.1 kB/s)
#18 63.55 [INFO] Downloading from central: https://repo.maven.apache.org/maven2/commons-collections/commons-collections/2.0/commons-collections-2.0.pom
#18 63.71 [INFO] Downloaded from central: https://repo.maven.apache.org/maven2/commons-collections/commons-collections/2.0/commons-collections-2.0.pom (171 B at 1.0 kB/s)
#18 63.72 [INFO] Downloading from central: https://repo.maven.apache.org/maven2/commons-collections/commons-collections/2.1/commons-collections-2.1.pom
#18 63.85 [INFO] Downloaded from central: https://repo.maven.apache.org/maven2/commons-collections/commons-collections/2.1/commons-collections-2.1.pom (3.3 kB at 26 kB/s)
#18 63.85 [INFO] Downloading from central: https://repo.maven.apache.org/maven2/xml-apis/xml-apis/1.0.b2/xml-apis-1.0.b2.pom
#18 63.98 [INFO] Downloaded from central: https://repo.maven.apache.org/maven2/xml-apis/xml-apis/1.0.b2/xml-apis-1.0.b2.pom (2.2 kB at 18 kB/s)
#18 63.98 [INFO] Downloading from central: https://repo.maven.apache.org/maven2/commons-logging/commons-logging/1.0.4/commons-logging-1.0.4.pom
#18 64.11 [INFO] Downloaded from central: https://repo.maven.apache.org/maven2/commons-logging/commons-logging/1.0.4/commons-logging-1.0.4.pom (5.3 kB at 41 kB/s)
#18 64.11 [INFO] Downloading from central: https://repo.maven.apache.org/maven2/org/codehaus/plexus/plexus-utils/1.5.8/plexus-utils-1.5.8.pom
#18 64.28 [INFO] Downloaded from central: https://repo.maven.apache.org/maven2/org/codehaus/plexus/plexus-utils/1.5.8/plexus-utils-1.5.8.pom (8.1 kB at 50 kB/s)
#18 64.28 [INFO] Downloading from central: https://repo.maven.apache.org/maven2/commons-io/commons-io/1.4/commons-io-1.4.pom
#18 64.40 [INFO] Downloaded from central: https://repo.maven.apache.org/maven2/commons-io/commons-io/1.4/commons-io-1.4.pom (13 kB at 104 kB/s)
#18 64.40 [INFO] Downloading from central: https://repo.maven.apache.org/maven2/org/apache/commons/commons-parent/7/commons-parent-7.pom
#18 64.53 [INFO] Downloaded from central: https://repo.maven.apache.org/maven2/org/apache/commons/commons-parent/7/commons-parent-7.pom (17 kB at 135 kB/s)
#18 64.54 [INFO] Downloading from central: https://repo.maven.apache.org/maven2/org/apache/maven/doxia/doxia-sink-api/1.4/doxia-sink-api-1.4.pom
#18 64.72 [INFO] Downloaded from central: https://repo.maven.apache.org/maven2/org/apache/maven/doxia/doxia-sink-api/1.4/doxia-sink-api-1.4.pom (1.5 kB at 8.6 kB/s)
#18 64.72 [INFO] Downloading from central: https://repo.maven.apache.org/maven2/org/apache/maven/doxia/doxia/1.4/doxia-1.4.pom
#18 64.84 [INFO] Downloaded from central: https://repo.maven.apache.org/maven2/org/apache/maven/doxia/doxia/1.4/doxia-1.4.pom (18 kB at 148 kB/s)
#18 64.84 [INFO] Downloading from central: https://repo.maven.apache.org/maven2/org/apache/maven/maven-parent/23/maven-parent-23.pom
#18 64.98 [INFO] Downloaded from central: https://repo.maven.apache.org/maven2/org/apache/maven/maven-parent/23/maven-parent-23.pom (33 kB at 233 kB/s)
#18 64.99 [INFO] Downloading from central: https://repo.maven.apache.org/maven2/org/apache/maven/doxia/doxia-logging-api/1.4/doxia-logging-api-1.4.pom
#18 65.13 [INFO] Downloaded from central: https://repo.maven.apache.org/maven2/org/apache/maven/doxia/doxia-logging-api/1.4/doxia-logging-api-1.4.pom (1.5 kB at 11 kB/s)
#18 65.13 [INFO] Downloading from central: https://repo.maven.apache.org/maven2/org/apache/maven/doxia/doxia-site-renderer/1.4/doxia-site-renderer-1.4.pom
#18 65.28 [INFO] Downloaded from central: https://repo.maven.apache.org/maven2/org/apache/maven/doxia/doxia-site-renderer/1.4/doxia-site-renderer-1.4.pom (6.1 kB at 40 kB/s)
#18 65.29 [INFO] Downloading from central: https://repo.maven.apache.org/maven2/org/apache/maven/doxia/doxia-sitetools/1.4/doxia-sitetools-1.4.pom
#18 65.41 [INFO] Downloaded from central: https://repo.maven.apache.org/maven2/org/apache/maven/doxia/doxia-sitetools/1.4/doxia-sitetools-1.4.pom (17 kB at 135 kB/s)
#18 65.42 [INFO] Downloading from central: https://repo.maven.apache.org/maven2/org/apache/maven/doxia/doxia-core/1.4/doxia-core-1.4.pom
#18 65.56 [INFO] Downloaded from central: https://repo.maven.apache.org/maven2/org/apache/maven/doxia/doxia-core/1.4/doxia-core-1.4.pom (4.1 kB at 29 kB/s)
#18 65.56 [INFO] Downloading from central: https://repo.maven.apache.org/maven2/org/codehaus/plexus/plexus-utils/3.0.10/plexus-utils-3.0.10.pom
#18 65.73 [INFO] Downloaded from central: https://repo.maven.apache.org/maven2/org/codehaus/plexus/plexus-utils/3.0.10/plexus-utils-3.0.10.pom (3.1 kB at 20 kB/s)
#18 65.73 [INFO] Downloading from central: https://repo.maven.apache.org/maven2/org/codehaus/plexus/plexus/3.3/plexus-3.3.pom
#18 65.86 [INFO] Downloaded from central: https://repo.maven.apache.org/maven2/org/codehaus/plexus/plexus/3.3/plexus-3.3.pom (20 kB at 153 kB/s)
#18 65.86 [INFO] Downloading from central: https://repo.maven.apache.org/maven2/org/sonatype/spice/spice-parent/17/spice-parent-17.pom
#18 66.00 [INFO] Downloaded from central: https://repo.maven.apache.org/maven2/org/sonatype/spice/spice-parent/17/spice-parent-17.pom (6.8 kB at 49 kB/s)
#18 66.00 [INFO] Downloading from central: https://repo.maven.apache.org/maven2/org/sonatype/forge/forge-parent/10/forge-parent-10.pom
#18 66.13 [INFO] Downloaded from central: https://repo.maven.apache.org/maven2/org/sonatype/forge/forge-parent/10/forge-parent-10.pom (14 kB at 105 kB/s)
#18 66.13 [INFO] Downloading from central: https://repo.maven.apache.org/maven2/org/codehaus/plexus/plexus-component-annotations/1.5.5/plexus-component-annotations-1.5.5.pom
#18 66.26 [INFO] Downloaded from central: https://repo.maven.apache.org/maven2/org/codehaus/plexus/plexus-component-annotations/1.5.5/plexus-component-annotations-1.5.5.pom (815 B at 6.4 kB/s)
#18 66.26 [INFO] Downloading from central: https://repo.maven.apache.org/maven2/org/codehaus/plexus/plexus-containers/1.5.5/plexus-containers-1.5.5.pom
#18 66.39 [INFO] Downloaded from central: https://repo.maven.apache.org/maven2/org/codehaus/plexus/plexus-containers/1.5.5/plexus-containers-1.5.5.pom (4.2 kB at 33 kB/s)
#18 66.39 [INFO] Downloading from central: https://repo.maven.apache.org/maven2/org/codehaus/plexus/plexus/2.0.7/plexus-2.0.7.pom
#18 66.52 [INFO] Downloaded from central: https://repo.maven.apache.org/maven2/org/codehaus/plexus/plexus/2.0.7/plexus-2.0.7.pom (17 kB at 133 kB/s)
#18 66.53 [INFO] Downloading from central: https://repo.maven.apache.org/maven2/org/apache/maven/doxia/doxia-decoration-model/1.4/doxia-decoration-model-1.4.pom
#18 66.73 [INFO] Downloaded from central: https://repo.maven.apache.org/maven2/org/apache/maven/doxia/doxia-decoration-model/1.4/doxia-decoration-model-1.4.pom (2.7 kB at 13 kB/s)
#18 66.74 [INFO] Downloading from central: https://repo.maven.apache.org/maven2/org/apache/maven/doxia/doxia-module-xhtml/1.4/doxia-module-xhtml-1.4.pom
#18 66.86 [INFO] Downloaded from central: https://repo.maven.apache.org/maven2/org/apache/maven/doxia/doxia-module-xhtml/1.4/doxia-module-xhtml-1.4.pom (1.6 kB at 13 kB/s)
#18 66.86 [INFO] Downloading from central: https://repo.maven.apache.org/maven2/org/apache/maven/doxia/doxia-modules/1.4/doxia-modules-1.4.pom
#18 66.99 [INFO] Downloaded from central: https://repo.maven.apache.org/maven2/org/apache/maven/doxia/doxia-modules/1.4/doxia-modules-1.4.pom (2.6 kB at 20 kB/s)
#18 66.99 [INFO] Downloading from central: https://repo.maven.apache.org/maven2/org/apache/maven/doxia/doxia-module-fml/1.4/doxia-module-fml-1.4.pom
#18 67.14 [INFO] Downloaded from central: https://repo.maven.apache.org/maven2/org/apache/maven/doxia/doxia-module-fml/1.4/doxia-module-fml-1.4.pom (4.8 kB at 34 kB/s)
#18 67.14 [INFO] Downloading from central: https://repo.maven.apache.org/maven2/org/apache/velocity/velocity-tools/2.0/velocity-tools-2.0.pom
#18 67.28 [INFO] Downloaded from central: https://repo.maven.apache.org/maven2/org/apache/velocity/velocity-tools/2.0/velocity-tools-2.0.pom (18 kB at 137 kB/s)
#18 67.28 [INFO] Downloading from central: https://repo.maven.apache.org/maven2/commons-digester/commons-digester/1.8/commons-digester-1.8.pom
#18 67.41 [INFO] Downloaded from central: https://repo.maven.apache.org/maven2/commons-digester/commons-digester/1.8/commons-digester-1.8.pom (7.0 kB at 55 kB/s)
#18 67.41 [INFO] Downloading from central: https://repo.maven.apache.org/maven2/commons-logging/commons-logging/1.1/commons-logging-1.1.pom
#18 67.55 [INFO] Downloaded from central: https://repo.maven.apache.org/maven2/commons-logging/commons-logging/1.1/commons-logging-1.1.pom (6.2 kB at 44 kB/s)
#18 67.55 [INFO] Downloading from central: https://repo.maven.apache.org/maven2/log4j/log4j/1.2.12/log4j-1.2.12.pom
#18 67.75 [INFO] Downloaded from central: https://repo.maven.apache.org/maven2/log4j/log4j/1.2.12/log4j-1.2.12.pom (145 B at 736 B/s)
#18 67.75 [INFO] Downloading from central: https://repo.maven.apache.org/maven2/logkit/logkit/1.0.1/logkit-1.0.1.pom
#18 67.88 [INFO] Downloaded from central: https://repo.maven.apache.org/maven2/logkit/logkit/1.0.1/logkit-1.0.1.pom (147 B at 1.1 kB/s)
#18 67.89 [INFO] Downloading from central: https://repo.maven.apache.org/maven2/avalon-framework/avalon-framework/4.1.3/avalon-framework-4.1.3.pom
#18 68.02 [INFO] Downloaded from central: https://repo.maven.apache.org/maven2/avalon-framework/avalon-framework/4.1.3/avalon-framework-4.1.3.pom (167 B at 1.3 kB/s)
#18 68.02 [INFO] Downloading from central: https://repo.maven.apache.org/maven2/javax/servlet/servlet-api/2.3/servlet-api-2.3.pom
#18 68.16 [INFO] Downloaded from central: https://repo.maven.apache.org/maven2/javax/servlet/servlet-api/2.3/servlet-api-2.3.pom (156 B at 1.2 kB/s)
#18 68.16 [INFO] Downloading from central: https://repo.maven.apache.org/maven2/commons-chain/commons-chain/1.1/commons-chain-1.1.pom
#18 68.29 [INFO] Downloaded from central: https://repo.maven.apache.org/maven2/commons-chain/commons-chain/1.1/commons-chain-1.1.pom (6.0 kB at 47 kB/s)
#18 68.29 [INFO] Downloading from central: https://repo.maven.apache.org/maven2/commons-collections/commons-collections/3.2/commons-collections-3.2.pom
#18 68.42 [INFO] Downloaded from central: https://repo.maven.apache.org/maven2/commons-collections/commons-collections/3.2/commons-collections-3.2.pom (11 kB at 85 kB/s)
#18 68.42 [INFO] Downloading from central: https://repo.maven.apache.org/maven2/dom4j/dom4j/1.1/dom4j-1.1.pom
#18 68.55 [INFO] Downloaded from central: https://repo.maven.apache.org/maven2/dom4j/dom4j/1.1/dom4j-1.1.pom (142 B at 1.1 kB/s)
#18 68.55 [INFO] Downloading from central: https://repo.maven.apache.org/maven2/sslext/sslext/1.2-0/sslext-1.2-0.pom
#18 68.71 [INFO] Downloaded from central: https://repo.maven.apache.org/maven2/sslext/sslext/1.2-0/sslext-1.2-0.pom (653 B at 4.0 kB/s)
#18 68.72 [INFO] Downloading from central: https://repo.maven.apache.org/maven2/org/apache/struts/struts-core/1.3.8/struts-core-1.3.8.pom
#18 68.86 [INFO] Downloaded from central: https://repo.maven.apache.org/maven2/org/apache/struts/struts-core/1.3.8/struts-core-1.3.8.pom (4.3 kB at 30 kB/s)
#18 68.86 [INFO] Downloading from central: https://repo.maven.apache.org/maven2/org/apache/struts/struts-parent/1.3.8/struts-parent-1.3.8.pom
#18 68.99 [INFO] Downloaded from central: https://repo.maven.apache.org/maven2/org/apache/struts/struts-parent/1.3.8/struts-parent-1.3.8.pom (9.8 kB at 76 kB/s)
#18 68.99 [INFO] Downloading from central: https://repo.maven.apache.org/maven2/org/apache/struts/struts-master/4/struts-master-4.pom
#18 69.13 [INFO] Downloaded from central: https://repo.maven.apache.org/maven2/org/apache/struts/struts-master/4/struts-master-4.pom (12 kB at 90 kB/s)
#18 69.13 [INFO] Downloading from central: https://repo.maven.apache.org/maven2/org/apache/apache/2/apache-2.pom
#18 69.26 [INFO] Downloaded from central: https://repo.maven.apache.org/maven2/org/apache/apache/2/apache-2.pom (3.4 kB at 26 kB/s)
#18 69.26 [INFO] Downloading from central: https://repo.maven.apache.org/maven2/antlr/antlr/2.7.2/antlr-2.7.2.pom
#18 69.40 [INFO] Downloaded from central: https://repo.maven.apache.org/maven2/antlr/antlr/2.7.2/antlr-2.7.2.pom (145 B at 1.1 kB/s)
#18 69.40 [INFO] Downloading from central: https://repo.maven.apache.org/maven2/org/apache/struts/struts-taglib/1.3.8/struts-taglib-1.3.8.pom
#18 69.54 [INFO] Downloaded from central: https://repo.maven.apache.org/maven2/org/apache/struts/struts-taglib/1.3.8/struts-taglib-1.3.8.pom (3.1 kB at 22 kB/s)
#18 69.55 [INFO] Downloading from central: https://repo.maven.apache.org/maven2/org/apache/struts/struts-tiles/1.3.8/struts-tiles-1.3.8.pom
#18 69.72 [INFO] Downloaded from central: https://repo.maven.apache.org/maven2/org/apache/struts/struts-tiles/1.3.8/struts-tiles-1.3.8.pom (2.9 kB at 17 kB/s)
#18 69.72 [INFO] Downloading from central: https://repo.maven.apache.org/maven2/org/apache/velocity/velocity/1.6.2/velocity-1.6.2.pom
#18 69.86 [INFO] Downloaded from central: https://repo.maven.apache.org/maven2/org/apache/velocity/velocity/1.6.2/velocity-1.6.2.pom (11 kB at 75 kB/s)
#18 69.86 [INFO] Downloading from central: https://repo.maven.apache.org/maven2/org/codehaus/plexus/plexus-archiver/2.9/plexus-archiver-2.9.pom
#18 70.00 [INFO] Downloaded from central: https://repo.maven.apache.org/maven2/org/codehaus/plexus/plexus-archiver/2.9/plexus-archiver-2.9.pom (4.4 kB at 33 kB/s)
#18 70.00 [INFO] Downloading from central: https://repo.maven.apache.org/maven2/org/codehaus/plexus/plexus-components/1.3/plexus-components-1.3.pom
#18 70.13 [INFO] Downloaded from central: https://repo.maven.apache.org/maven2/org/codehaus/plexus/plexus-components/1.3/plexus-components-1.3.pom (3.1 kB at 24 kB/s)
#18 70.13 [INFO] Downloading from central: https://repo.maven.apache.org/maven2/org/codehaus/plexus/plexus-utils/3.0.20/plexus-utils-3.0.20.pom
#18 70.27 [INFO] Downloaded from central: https://repo.maven.apache.org/maven2/org/codehaus/plexus/plexus-utils/3.0.20/plexus-utils-3.0.20.pom (3.8 kB at 27 kB/s)
#18 70.28 [INFO] Downloading from central: https://repo.maven.apache.org/maven2/org/codehaus/plexus/plexus/3.3.1/plexus-3.3.1.pom
#18 70.42 [INFO] Downloaded from central: https://repo.maven.apache.org/maven2/org/codehaus/plexus/plexus/3.3.1/plexus-3.3.1.pom (20 kB at 145 kB/s)
#18 70.42 [INFO] Downloading from central: https://repo.maven.apache.org/maven2/org/codehaus/plexus/plexus-io/2.4/plexus-io-2.4.pom
#18 70.54 [INFO] Downloaded from central: https://repo.maven.apache.org/maven2/org/codehaus/plexus/plexus-io/2.4/plexus-io-2.4.pom (3.7 kB at 31 kB/s)
#18 70.54 [INFO] Downloading from central: https://repo.maven.apache.org/maven2/org/codehaus/plexus/plexus-components/1.2/plexus-components-1.2.pom
#18 70.72 [INFO] Downloaded from central: https://repo.maven.apache.org/maven2/org/codehaus/plexus/plexus-components/1.2/plexus-components-1.2.pom (3.1 kB at 18 kB/s)
#18 70.72 [INFO] Downloading from central: https://repo.maven.apache.org/maven2/org/codehaus/plexus/plexus/3.2/plexus-3.2.pom
#18 70.85 [INFO] Downloaded from central: https://repo.maven.apache.org/maven2/org/codehaus/plexus/plexus/3.2/plexus-3.2.pom (19 kB at 139 kB/s)
#18 70.85 [INFO] Downloading from central: https://repo.maven.apache.org/maven2/commons-io/commons-io/2.2/commons-io-2.2.pom
#18 70.99 [INFO] Downloaded from central: https://repo.maven.apache.org/maven2/commons-io/commons-io/2.2/commons-io-2.2.pom (11 kB at 83 kB/s)
#18 70.99 [INFO] Downloading from central: https://repo.maven.apache.org/maven2/org/apache/commons/commons-parent/24/commons-parent-24.pom
#18 71.14 [INFO] Downloaded from central: https://repo.maven.apache.org/maven2/org/apache/commons/commons-parent/24/commons-parent-24.pom (47 kB at 333 kB/s)
#18 71.15 [INFO] Downloading from central: https://repo.maven.apache.org/maven2/org/apache/commons/commons-compress/1.9/commons-compress-1.9.pom
#18 71.27 [INFO] Downloaded from central: https://repo.maven.apache.org/maven2/org/apache/commons/commons-compress/1.9/commons-compress-1.9.pom (11 kB at 89 kB/s)
#18 71.27 [INFO] Downloading from central: https://repo.maven.apache.org/maven2/org/apache/commons/commons-parent/34/commons-parent-34.pom
#18 71.42 [INFO] Downloaded from central: https://repo.maven.apache.org/maven2/org/apache/commons/commons-parent/34/commons-parent-34.pom (56 kB at 375 kB/s)
#18 71.43 [INFO] Downloading from central: https://repo.maven.apache.org/maven2/org/apache/maven/shared/file-management/1.2.1/file-management-1.2.1.pom
#18 71.89 [INFO] Downloaded from central: https://repo.maven.apache.org/maven2/org/apache/maven/shared/file-management/1.2.1/file-management-1.2.1.pom (3.9 kB at 8.5 kB/s)
#18 71.89 [INFO] Downloading from central: https://repo.maven.apache.org/maven2/org/apache/maven/shared/maven-shared-components/10/maven-shared-components-10.pom
#18 72.01 [INFO] Downloaded from central: https://repo.maven.apache.org/maven2/org/apache/maven/shared/maven-shared-components/10/maven-shared-components-10.pom (8.4 kB at 67 kB/s)
#18 72.01 [INFO] Downloading from central: https://repo.maven.apache.org/maven2/org/apache/maven/maven-parent/9/maven-parent-9.pom
#18 72.14 [INFO] Downloaded from central: https://repo.maven.apache.org/maven2/org/apache/maven/maven-parent/9/maven-parent-9.pom (33 kB at 257 kB/s)
#18 72.14 [INFO] Downloading from central: https://repo.maven.apache.org/maven2/org/apache/maven/maven-plugin-api/2.0.6/maven-plugin-api-2.0.6.pom
#18 72.28 [INFO] Downloaded from central: https://repo.maven.apache.org/maven2/org/apache/maven/maven-plugin-api/2.0.6/maven-plugin-api-2.0.6.pom (1.5 kB at 11 kB/s)
#18 72.28 [INFO] Downloading from central: https://repo.maven.apache.org/maven2/org/apache/maven/maven/2.0.6/maven-2.0.6.pom
#18 72.41 [INFO] Downloaded from central: https://repo.maven.apache.org/maven2/org/apache/maven/maven/2.0.6/maven-2.0.6.pom (9.0 kB at 67 kB/s)
#18 72.42 [INFO] Downloading from central: https://repo.maven.apache.org/maven2/org/apache/maven/maven-parent/5/maven-parent-5.pom
#18 72.55 [INFO] Downloaded from central: https://repo.maven.apache.org/maven2/org/apache/maven/maven-parent/5/maven-parent-5.pom (15 kB at 115 kB/s)
#18 72.55 [INFO] Downloading from central: https://repo.maven.apache.org/maven2/org/apache/maven/shared/maven-shared-io/1.1/maven-shared-io-1.1.pom
#18 72.73 [INFO] Downloaded from central: https://repo.maven.apache.org/maven2/org/apache/maven/shared/maven-shared-io/1.1/maven-shared-io-1.1.pom (4.1 kB at 23 kB/s)
#18 72.73 [INFO] Downloading from central: https://repo.maven.apache.org/maven2/org/apache/maven/shared/maven-shared-components/8/maven-shared-components-8.pom
#18 72.87 [INFO] Downloaded from central: https://repo.maven.apache.org/maven2/org/apache/maven/shared/maven-shared-components/8/maven-shared-components-8.pom (2.7 kB at 19 kB/s)
#18 72.87 [INFO] Downloading from central: https://repo.maven.apache.org/maven2/org/apache/maven/maven-parent/7/maven-parent-7.pom
#18 73.03 [INFO] Downloaded from central: https://repo.maven.apache.org/maven2/org/apache/maven/maven-parent/7/maven-parent-7.pom (21 kB at 138 kB/s)
#18 73.03 [INFO] Downloading from central: https://repo.maven.apache.org/maven2/org/apache/maven/maven-artifact/2.0.2/maven-artifact-2.0.2.pom
#18 73.46 [INFO] Downloaded from central: https://repo.maven.apache.org/maven2/org/apache/maven/maven-artifact/2.0.2/maven-artifact-2.0.2.pom (765 B at 1.8 kB/s)
#18 73.47 [INFO] Downloading from central: https://repo.maven.apache.org/maven2/org/apache/maven/maven/2.0.2/maven-2.0.2.pom
#18 73.59 [INFO] Downloaded from central: https://repo.maven.apache.org/maven2/org/apache/maven/maven/2.0.2/maven-2.0.2.pom (13 kB at 105 kB/s)
#18 73.60 [INFO] Downloading from central: https://repo.maven.apache.org/maven2/org/codehaus/plexus/plexus-utils/1.1/plexus-utils-1.1.pom
#18 73.73 [INFO] Downloaded from central: https://repo.maven.apache.org/maven2/org/codehaus/plexus/plexus-utils/1.1/plexus-utils-1.1.pom (767 B at 6.0 kB/s)
#18 73.73 [INFO] Downloading from central: https://repo.maven.apache.org/maven2/org/apache/maven/maven-artifact-manager/2.0.2/maven-artifact-manager-2.0.2.pom
#18 73.87 [INFO] Downloaded from central: https://repo.maven.apache.org/maven2/org/apache/maven/maven-artifact-manager/2.0.2/maven-artifact-manager-2.0.2.pom (1.4 kB at 10 kB/s)
#18 73.88 [INFO] Downloading from central: https://repo.maven.apache.org/maven2/org/apache/maven/maven-repository-metadata/2.0.2/maven-repository-metadata-2.0.2.pom
#18 74.01 [INFO] Downloaded from central: https://repo.maven.apache.org/maven2/org/apache/maven/maven-repository-metadata/2.0.2/maven-repository-metadata-2.0.2.pom (1.3 kB at 10 kB/s)
#18 74.01 [INFO] Downloading from central: https://repo.maven.apache.org/maven2/org/codehaus/plexus/plexus-container-default/1.0-alpha-9/plexus-container-default-1.0-alpha-9.pom
#18 74.15 [INFO] Downloaded from central: https://repo.maven.apache.org/maven2/org/codehaus/plexus/plexus-container-default/1.0-alpha-9/plexus-container-default-1.0-alpha-9.pom (1.2 kB at 8.6 kB/s)
#18 74.16 [INFO] Downloading from central: https://repo.maven.apache.org/maven2/org/apache/maven/wagon/wagon-provider-api/1.0-alpha-6/wagon-provider-api-1.0-alpha-6.pom
#18 74.29 [INFO] Downloaded from central: https://repo.maven.apache.org/maven2/org/apache/maven/wagon/wagon-provider-api/1.0-alpha-6/wagon-provider-api-1.0-alpha-6.pom (588 B at 4.3 kB/s)
#18 74.29 [INFO] Downloading from central: https://repo.maven.apache.org/maven2/org/apache/maven/wagon/wagon/1.0-alpha-6/wagon-1.0-alpha-6.pom
#18 74.43 [INFO] Downloaded from central: https://repo.maven.apache.org/maven2/org/apache/maven/wagon/wagon/1.0-alpha-6/wagon-1.0-alpha-6.pom (6.4 kB at 47 kB/s)
#18 74.44 [INFO] Downloading from central: https://repo.maven.apache.org/maven2/org/codehaus/plexus/plexus-utils/1.4.6/plexus-utils-1.4.6.pom
#18 74.56 [INFO] Downloaded from central: https://repo.maven.apache.org/maven2/org/codehaus/plexus/plexus-utils/1.4.6/plexus-utils-1.4.6.pom (2.3 kB at 18 kB/s)
#18 74.57 [INFO] Downloading from central: https://repo.maven.apache.org/maven2/org/codehaus/plexus/plexus-utils/1.5.6/plexus-utils-1.5.6.pom
#18 74.71 [INFO] Downloaded from central: https://repo.maven.apache.org/maven2/org/codehaus/plexus/plexus-utils/1.5.6/plexus-utils-1.5.6.pom (5.3 kB at 37 kB/s)
#18 74.72 [INFO] Downloading from central: https://repo.maven.apache.org/maven2/org/codehaus/plexus/plexus/1.0.12/plexus-1.0.12.pom
#18 74.85 [INFO] Downloaded from central: https://repo.maven.apache.org/maven2/org/codehaus/plexus/plexus/1.0.12/plexus-1.0.12.pom (9.8 kB at 72 kB/s)
#18 74.86 [INFO] Downloading from central: https://repo.maven.apache.org/maven2/org/apache/maven/shared/maven-dependency-analyzer/1.6/maven-dependency-analyzer-1.6.pom
#18 74.99 [INFO] Downloaded from central: https://repo.maven.apache.org/maven2/org/apache/maven/shared/maven-dependency-analyzer/1.6/maven-dependency-analyzer-1.6.pom (5.4 kB at 40 kB/s)
#18 75.00 [INFO] Downloading from central: https://repo.maven.apache.org/maven2/org/apache/maven/shared/maven-shared-components/21/maven-shared-components-21.pom
#18 75.12 [INFO] Downloaded from central: https://repo.maven.apache.org/maven2/org/apache/maven/shared/maven-shared-components/21/maven-shared-components-21.pom (5.1 kB at 41 kB/s)
#18 75.13 [INFO] Downloading from central: https://repo.maven.apache.org/maven2/org/apache/maven/maven-parent/25/maven-parent-25.pom
#18 75.26 [INFO] Downloaded from central: https://repo.maven.apache.org/maven2/org/apache/maven/maven-parent/25/maven-parent-25.pom (37 kB at 295 kB/s)
#18 75.26 [INFO] Downloading from central: https://repo.maven.apache.org/maven2/org/ow2/asm/asm/5.0.2/asm-5.0.2.pom
#18 75.38 [INFO] Downloaded from central: https://repo.maven.apache.org/maven2/org/ow2/asm/asm/5.0.2/asm-5.0.2.pom (1.9 kB at 15 kB/s)
#18 75.38 [INFO] Downloading from central: https://repo.maven.apache.org/maven2/org/ow2/asm/asm-parent/5.0.2/asm-parent-5.0.2.pom
#18 75.51 [INFO] Downloaded from central: https://repo.maven.apache.org/maven2/org/ow2/asm/asm-parent/5.0.2/asm-parent-5.0.2.pom (5.5 kB at 43 kB/s)
#18 75.52 [INFO] Downloading from central: https://repo.maven.apache.org/maven2/org/codehaus/plexus/plexus-utils/1.5.1/plexus-utils-1.5.1.pom
#18 75.65 [INFO] Downloaded from central: https://repo.maven.apache.org/maven2/org/codehaus/plexus/plexus-utils/1.5.1/plexus-utils-1.5.1.pom (2.3 kB at 17 kB/s)
#18 75.65 [INFO] Downloading from central: https://repo.maven.apache.org/maven2/org/apache/maven/maven-project/2.0.5/maven-project-2.0.5.pom
#18 75.80 [INFO] Downloaded from central: https://repo.maven.apache.org/maven2/org/apache/maven/maven-project/2.0.5/maven-project-2.0.5.pom (1.8 kB at 12 kB/s)
#18 75.80 [INFO] Downloading from central: https://repo.maven.apache.org/maven2/org/apache/maven/maven/2.0.5/maven-2.0.5.pom
#18 75.94 [INFO] Downloaded from central: https://repo.maven.apache.org/maven2/org/apache/maven/maven/2.0.5/maven-2.0.5.pom (5.7 kB at 42 kB/s)
#18 75.94 [INFO] Downloading from central: https://repo.maven.apache.org/maven2/org/apache/maven/maven-settings/2.0.5/maven-settings-2.0.5.pom
#18 76.07 [INFO] Downloaded from central: https://repo.maven.apache.org/maven2/org/apache/maven/maven-settings/2.0.5/maven-settings-2.0.5.pom (1.7 kB at 13 kB/s)
#18 76.07 [INFO] Downloading from central: https://repo.maven.apache.org/maven2/org/apache/maven/maven-model/2.0.5/maven-model-2.0.5.pom
#18 76.21 [INFO] Downloaded from central: https://repo.maven.apache.org/maven2/org/apache/maven/maven-model/2.0.5/maven-model-2.0.5.pom (2.7 kB at 20 kB/s)
#18 76.21 [INFO] Downloading from central: https://repo.maven.apache.org/maven2/org/apache/maven/maven-profile/2.0.5/maven-profile-2.0.5.pom
#18 76.33 [INFO] Downloaded from central: https://repo.maven.apache.org/maven2/org/apache/maven/maven-profile/2.0.5/maven-profile-2.0.5.pom (1.7 kB at 14 kB/s)
#18 76.34 [INFO] Downloading from central: https://repo.maven.apache.org/maven2/org/apache/maven/maven-artifact-manager/2.0.5/maven-artifact-manager-2.0.5.pom
#18 76.47 [INFO] Downloaded from central: https://repo.maven.apache.org/maven2/org/apache/maven/maven-artifact-manager/2.0.5/maven-artifact-manager-2.0.5.pom (1.8 kB at 14 kB/s)
#18 76.47 [INFO] Downloading from central: https://repo.maven.apache.org/maven2/org/apache/maven/maven-repository-metadata/2.0.5/maven-repository-metadata-2.0.5.pom
#18 76.61 [INFO] Downloaded from central: https://repo.maven.apache.org/maven2/org/apache/maven/maven-repository-metadata/2.0.5/maven-repository-metadata-2.0.5.pom (1.5 kB at 11 kB/s)
#18 76.61 [INFO] Downloading from central: https://repo.maven.apache.org/maven2/org/apache/maven/maven-artifact/2.0.5/maven-artifact-2.0.5.pom
#18 76.75 [INFO] Downloaded from central: https://repo.maven.apache.org/maven2/org/apache/maven/maven-artifact/2.0.5/maven-artifact-2.0.5.pom (727 B at 5.3 kB/s)
#18 76.75 [INFO] Downloading from central: https://repo.maven.apache.org/maven2/org/apache/maven/shared/maven-dependency-tree/2.2/maven-dependency-tree-2.2.pom
#18 76.88 [INFO] Downloaded from central: https://repo.maven.apache.org/maven2/org/apache/maven/shared/maven-dependency-tree/2.2/maven-dependency-tree-2.2.pom (7.3 kB at 57 kB/s)
#18 76.88 [INFO] Downloading from central: https://repo.maven.apache.org/maven2/org/apache/maven/shared/maven-shared-components/20/maven-shared-components-20.pom
#18 77.01 [INFO] Downloaded from central: https://repo.maven.apache.org/maven2/org/apache/maven/shared/maven-shared-components/20/maven-shared-components-20.pom (5.1 kB at 39 kB/s)
#18 77.02 [INFO] Downloading from central: https://repo.maven.apache.org/maven2/org/apache/maven/maven-parent/24/maven-parent-24.pom
#18 77.15 [INFO] Downloaded from central: https://repo.maven.apache.org/maven2/org/apache/maven/maven-parent/24/maven-parent-24.pom (37 kB at 282 kB/s)
#18 77.15 [INFO] Downloading from central: https://repo.maven.apache.org/maven2/org/apache/apache/14/apache-14.pom
#18 77.30 [INFO] Downloaded from central: https://repo.maven.apache.org/maven2/org/apache/apache/14/apache-14.pom (15 kB at 102 kB/s)
#18 77.30 [INFO] Downloading from central: https://repo.maven.apache.org/maven2/org/eclipse/aether/aether-util/0.9.0.M2/aether-util-0.9.0.M2.pom
#18 77.43 [INFO] Downloaded from central: https://repo.maven.apache.org/maven2/org/eclipse/aether/aether-util/0.9.0.M2/aether-util-0.9.0.M2.pom (2.0 kB at 16 kB/s)
#18 77.43 [INFO] Downloading from central: https://repo.maven.apache.org/maven2/org/eclipse/aether/aether/0.9.0.M2/aether-0.9.0.M2.pom
#18 77.55 [INFO] Downloaded from central: https://repo.maven.apache.org/maven2/org/eclipse/aether/aether/0.9.0.M2/aether-0.9.0.M2.pom (28 kB at 218 kB/s)
#18 77.56 [INFO] Downloading from central: https://repo.maven.apache.org/maven2/org/apache/maven/shared/maven-common-artifact-filters/1.4/maven-common-artifact-filters-1.4.pom
#18 77.73 [INFO] Downloaded from central: https://repo.maven.apache.org/maven2/org/apache/maven/shared/maven-common-artifact-filters/1.4/maven-common-artifact-filters-1.4.pom (3.8 kB at 22 kB/s)
#18 77.73 [INFO] Downloading from central: https://repo.maven.apache.org/maven2/org/apache/maven/maven-artifact/2.0.8/maven-artifact-2.0.8.pom
#18 77.86 [INFO] Downloaded from central: https://repo.maven.apache.org/maven2/org/apache/maven/maven-artifact/2.0.8/maven-artifact-2.0.8.pom (1.6 kB at 13 kB/s)
#18 77.86 [INFO] Downloading from central: https://repo.maven.apache.org/maven2/org/apache/maven/maven/2.0.8/maven-2.0.8.pom
#18 77.99 [INFO] Downloaded from central: https://repo.maven.apache.org/maven2/org/apache/maven/maven/2.0.8/maven-2.0.8.pom (12 kB at 94 kB/s)
#18 77.99 [INFO] Downloading from central: https://repo.maven.apache.org/maven2/org/apache/maven/maven-parent/6/maven-parent-6.pom
#18 78.12 [INFO] Downloaded from central: https://repo.maven.apache.org/maven2/org/apache/maven/maven-parent/6/maven-parent-6.pom (20 kB at 151 kB/s)
#18 78.13 [INFO] Downloading from central: https://repo.maven.apache.org/maven2/org/apache/maven/maven-model/2.0.8/maven-model-2.0.8.pom
#18 78.26 [INFO] Downloaded from central: https://repo.maven.apache.org/maven2/org/apache/maven/maven-model/2.0.8/maven-model-2.0.8.pom (3.1 kB at 24 kB/s)
#18 78.26 [INFO] Downloading from central: https://repo.maven.apache.org/maven2/org/apache/maven/maven-project/2.0.8/maven-project-2.0.8.pom
#18 78.39 [INFO] Downloaded from central: https://repo.maven.apache.org/maven2/org/apache/maven/maven-project/2.0.8/maven-project-2.0.8.pom (2.7 kB at 21 kB/s)
#18 78.39 [INFO] Downloading from central: https://repo.maven.apache.org/maven2/org/apache/maven/maven-settings/2.0.8/maven-settings-2.0.8.pom
#18 78.52 [INFO] Downloaded from central: https://repo.maven.apache.org/maven2/org/apache/maven/maven-settings/2.0.8/maven-settings-2.0.8.pom (2.1 kB at 16 kB/s)
#18 78.52 [INFO] Downloading from central: https://repo.maven.apache.org/maven2/org/apache/maven/maven-profile/2.0.8/maven-profile-2.0.8.pom
#18 78.65 [INFO] Downloaded from central: https://repo.maven.apache.org/maven2/org/apache/maven/maven-profile/2.0.8/maven-profile-2.0.8.pom (2.0 kB at 16 kB/s)
#18 78.65 [INFO] Downloading from central: https://repo.maven.apache.org/maven2/org/apache/maven/maven-artifact-manager/2.0.8/maven-artifact-manager-2.0.8.pom
#18 78.78 [INFO] Downloaded from central: https://repo.maven.apache.org/maven2/org/apache/maven/maven-artifact-manager/2.0.8/maven-artifact-manager-2.0.8.pom (2.7 kB at 21 kB/s)
#18 78.78 [INFO] Downloading from central: https://repo.maven.apache.org/maven2/org/apache/maven/maven-repository-metadata/2.0.8/maven-repository-metadata-2.0.8.pom
#18 78.92 [INFO] Downloaded from central: https://repo.maven.apache.org/maven2/org/apache/maven/maven-repository-metadata/2.0.8/maven-repository-metadata-2.0.8.pom (1.9 kB at 14 kB/s)
#18 78.92 [INFO] Downloading from central: https://repo.maven.apache.org/maven2/org/apache/maven/maven-plugin-registry/2.0.8/maven-plugin-registry-2.0.8.pom
#18 79.06 [INFO] Downloaded from central: https://repo.maven.apache.org/maven2/org/apache/maven/maven-plugin-registry/2.0.8/maven-plugin-registry-2.0.8.pom (2.0 kB at 14 kB/s)
#18 79.06 [INFO] Downloading from central: https://repo.maven.apache.org/maven2/org/apache/maven/maven-plugin-api/2.0.8/maven-plugin-api-2.0.8.pom
#18 79.19 [INFO] Downloaded from central: https://repo.maven.apache.org/maven2/org/apache/maven/maven-plugin-api/2.0.8/maven-plugin-api-2.0.8.pom (1.5 kB at 11 kB/s)
#18 79.19 [INFO] Downloading from central: https://repo.maven.apache.org/maven2/org/codehaus/plexus/plexus-container-default/1.5.5/plexus-container-default-1.5.5.pom
#18 79.32 [INFO] Downloaded from central: https://repo.maven.apache.org/maven2/org/codehaus/plexus/plexus-container-default/1.5.5/plexus-container-default-1.5.5.pom (2.8 kB at 22 kB/s)
#18 79.32 [INFO] Downloading from central: https://repo.maven.apache.org/maven2/org/codehaus/plexus/plexus-classworlds/2.2.2/plexus-classworlds-2.2.2.pom
#18 79.47 [INFO] Downloaded from central: https://repo.maven.apache.org/maven2/org/codehaus/plexus/plexus-classworlds/2.2.2/plexus-classworlds-2.2.2.pom (4.0 kB at 27 kB/s)
#18 79.47 [INFO] Downloading from central: https://repo.maven.apache.org/maven2/org/codehaus/plexus/plexus/2.0.3/plexus-2.0.3.pom
#18 79.61 [INFO] Downloaded from central: https://repo.maven.apache.org/maven2/org/codehaus/plexus/plexus/2.0.3/plexus-2.0.3.pom (15 kB at 117 kB/s)
#18 79.61 [INFO] Downloading from central: https://repo.maven.apache.org/maven2/org/apache/xbean/xbean-reflect/3.4/xbean-reflect-3.4.pom
#18 79.75 [INFO] Downloaded from central: https://repo.maven.apache.org/maven2/org/apache/xbean/xbean-reflect/3.4/xbean-reflect-3.4.pom (2.8 kB at 20 kB/s)
#18 79.76 [INFO] Downloading from central: https://repo.maven.apache.org/maven2/org/apache/xbean/xbean/3.4/xbean-3.4.pom
#18 79.89 [INFO] Downloaded from central: https://repo.maven.apache.org/maven2/org/apache/xbean/xbean/3.4/xbean-3.4.pom (19 kB at 137 kB/s)
#18 79.89 [INFO] Downloading from central: https://repo.maven.apache.org/maven2/commons-logging/commons-logging-api/1.1/commons-logging-api-1.1.pom
#18 80.03 [INFO] Downloaded from central: https://repo.maven.apache.org/maven2/commons-logging/commons-logging-api/1.1/commons-logging-api-1.1.pom (5.3 kB at 39 kB/s)
#18 80.04 [INFO] Downloading from central: https://repo.maven.apache.org/maven2/com/google/collections/google-collections/1.0/google-collections-1.0.pom
#18 80.17 [INFO] Downloaded from central: https://repo.maven.apache.org/maven2/com/google/collections/google-collections/1.0/google-collections-1.0.pom (2.5 kB at 19 kB/s)
#18 80.17 [INFO] Downloading from central: https://repo.maven.apache.org/maven2/com/google/google/1/google-1.pom
#18 80.31 [INFO] Downloaded from central: https://repo.maven.apache.org/maven2/com/google/google/1/google-1.pom (1.6 kB at 11 kB/s)
#18 80.31 [INFO] Downloading from central: https://repo.maven.apache.org/maven2/junit/junit/3.8.2/junit-3.8.2.pom
#18 80.44 [INFO] Downloaded from central: https://repo.maven.apache.org/maven2/junit/junit/3.8.2/junit-3.8.2.pom (747 B at 5.9 kB/s)
#18 80.44 [INFO] Downloading from central: https://repo.maven.apache.org/maven2/org/codehaus/plexus/plexus-utils/2.1/plexus-utils-2.1.pom
#18 80.89 [INFO] Downloaded from central: https://repo.maven.apache.org/maven2/org/codehaus/plexus/plexus-utils/2.1/plexus-utils-2.1.pom (4.0 kB at 9.1 kB/s)
#18 80.89 [INFO] Downloading from central: https://repo.maven.apache.org/maven2/org/sonatype/spice/spice-parent/16/spice-parent-16.pom
#18 81.03 [INFO] Downloaded from central: https://repo.maven.apache.org/maven2/org/sonatype/spice/spice-parent/16/spice-parent-16.pom (8.4 kB at 60 kB/s)
#18 81.03 [INFO] Downloading from central: https://repo.maven.apache.org/maven2/org/sonatype/forge/forge-parent/5/forge-parent-5.pom
#18 81.16 [INFO] Downloaded from central: https://repo.maven.apache.org/maven2/org/sonatype/forge/forge-parent/5/forge-parent-5.pom (8.4 kB at 66 kB/s)
#18 81.16 [INFO] Downloading from central: https://repo.maven.apache.org/maven2/org/apache/maven/shared/maven-invoker/2.1.1/maven-invoker-2.1.1.pom
#18 81.30 [INFO] Downloaded from central: https://repo.maven.apache.org/maven2/org/apache/maven/shared/maven-invoker/2.1.1/maven-invoker-2.1.1.pom (5.6 kB at 41 kB/s)
#18 81.30 [INFO] Downloading from central: https://repo.maven.apache.org/maven2/org/apache/maven/shared/maven-shared-components/18/maven-shared-components-18.pom
#18 81.57 [INFO] Downloaded from central: https://repo.maven.apache.org/maven2/org/apache/maven/shared/maven-shared-components/18/maven-shared-components-18.pom (4.9 kB at 18 kB/s)
#18 81.57 [INFO] Downloading from central: https://repo.maven.apache.org/maven2/org/apache/maven/maven-parent/22/maven-parent-22.pom
#18 81.71 [INFO] Downloaded from central: https://repo.maven.apache.org/maven2/org/apache/maven/maven-parent/22/maven-parent-22.pom (30 kB at 214 kB/s)
#18 81.72 [INFO] Downloading from central: https://repo.maven.apache.org/maven2/org/apache/apache/11/apache-11.pom
#18 81.84 [INFO] Downloaded from central: https://repo.maven.apache.org/maven2/org/apache/apache/11/apache-11.pom (15 kB at 117 kB/s)
#18 81.84 [INFO] Downloading from central: https://repo.maven.apache.org/maven2/org/codehaus/plexus/plexus-utils/3.0.8/plexus-utils-3.0.8.pom
#18 81.99 [INFO] Downloaded from central: https://repo.maven.apache.org/maven2/org/codehaus/plexus/plexus-utils/3.0.8/plexus-utils-3.0.8.pom (3.1 kB at 22 kB/s)
#18 82.00 [INFO] Downloading from central: https://repo.maven.apache.org/maven2/org/apache/maven/maven-artifact/2.2.1/maven-artifact-2.2.1.jar
#18 82.17 [INFO] Downloaded from central: https://repo.maven.apache.org/maven2/org/apache/maven/maven-artifact/2.2.1/maven-artifact-2.2.1.jar (80 kB at 475 kB/s)
#18 82.18 [INFO] Downloading from central: https://repo.maven.apache.org/maven2/org/apache/maven/maven-plugin-api/2.2.1/maven-plugin-api-2.2.1.jar
#18 82.18 [INFO] Downloading from central: https://repo.maven.apache.org/maven2/org/apache/maven/maven-project/2.2.1/maven-project-2.2.1.jar
#18 82.18 [INFO] Downloading from central: https://repo.maven.apache.org/maven2/org/apache/maven/maven-settings/2.2.1/maven-settings-2.2.1.jar
#18 82.18 [INFO] Downloading from central: https://repo.maven.apache.org/maven2/org/apache/maven/maven-profile/2.2.1/maven-profile-2.2.1.jar
#18 82.18 [INFO] Downloading from central: https://repo.maven.apache.org/maven2/org/apache/maven/maven-plugin-registry/2.2.1/maven-plugin-registry-2.2.1.jar
#18 82.32 [INFO] Downloaded from central: https://repo.maven.apache.org/maven2/org/apache/maven/maven-plugin-api/2.2.1/maven-plugin-api-2.2.1.jar (12 kB at 84 kB/s)
#18 82.32 [INFO] Downloading from central: https://repo.maven.apache.org/maven2/org/codehaus/plexus/plexus-interpolation/1.11/plexus-interpolation-1.11.jar
#18 82.36 [INFO] Downloaded from central: https://repo.maven.apache.org/maven2/org/apache/maven/maven-plugin-registry/2.2.1/maven-plugin-registry-2.2.1.jar (30 kB at 167 kB/s)
#18 82.36 [INFO] Downloading from central: https://repo.maven.apache.org/maven2/org/codehaus/plexus/plexus-container-default/1.0-alpha-9-stable-1/plexus-container-default-1.0-alpha-9-stable-1.jar
#18 82.36 [INFO] Downloaded from central: https://repo.maven.apache.org/maven2/org/apache/maven/maven-profile/2.2.1/maven-profile-2.2.1.jar (35 kB at 194 kB/s)
#18 82.36 [INFO] Downloading from central: https://repo.maven.apache.org/maven2/junit/junit/3.8.1/junit-3.8.1.jar
#18 82.36 [INFO] Downloaded from central: https://repo.maven.apache.org/maven2/org/apache/maven/maven-settings/2.2.1/maven-settings-2.2.1.jar (49 kB at 262 kB/s)
#18 82.36 [INFO] Downloading from central: https://repo.maven.apache.org/maven2/org/apache/maven/maven-model/2.2.1/maven-model-2.2.1.jar
#18 82.37 [INFO] Downloaded from central: https://repo.maven.apache.org/maven2/org/apache/maven/maven-project/2.2.1/maven-project-2.2.1.jar (156 kB at 793 kB/s)
#18 82.37 [INFO] Downloading from central: https://repo.maven.apache.org/maven2/org/apache/maven/maven-core/2.2.1/maven-core-2.2.1.jar
#18 82.47 [INFO] Downloaded from central: https://repo.maven.apache.org/maven2/org/codehaus/plexus/plexus-interpolation/1.11/plexus-interpolation-1.11.jar (51 kB at 173 kB/s)
#18 82.47 [INFO] Downloading from central: https://repo.maven.apache.org/maven2/org/apache/maven/maven-plugin-parameter-documenter/2.2.1/maven-plugin-parameter-documenter-2.2.1.jar
#18 82.56 [INFO] Downloaded from central: https://repo.maven.apache.org/maven2/org/apache/maven/maven-model/2.2.1/maven-model-2.2.1.jar (88 kB at 234 kB/s)
#18 82.56 [INFO] Downloading from central: https://repo.maven.apache.org/maven2/org/slf4j/slf4j-jdk14/1.5.6/slf4j-jdk14-1.5.6.jar
#18 82.56 [INFO] Downloaded from central: https://repo.maven.apache.org/maven2/junit/junit/3.8.1/junit-3.8.1.jar (121 kB at 323 kB/s)
#18 82.56 [INFO] Downloading from central: https://repo.maven.apache.org/maven2/org/slf4j/slf4j-api/1.5.6/slf4j-api-1.5.6.jar
#18 82.56 [INFO] Downloaded from central: https://repo.maven.apache.org/maven2/org/apache/maven/maven-core/2.2.1/maven-core-2.2.1.jar (178 kB at 467 kB/s)
#18 82.56 [INFO] Downloading from central: https://repo.maven.apache.org/maven2/org/slf4j/jcl-over-slf4j/1.5.6/jcl-over-slf4j-1.5.6.jar
#18 82.61 [INFO] Downloaded from central: https://repo.maven.apache.org/maven2/org/codehaus/plexus/plexus-container-default/1.0-alpha-9-stable-1/plexus-container-default-1.0-alpha-9-stable-1.jar (194 kB at 451 kB/s)
#18 82.61 [INFO] Downloading from central: https://repo.maven.apache.org/maven2/org/apache/maven/maven-error-diagnostics/2.2.1/maven-error-diagnostics-2.2.1.jar
#18 82.61 [INFO] Downloaded from central: https://repo.maven.apache.org/maven2/org/apache/maven/maven-plugin-parameter-documenter/2.2.1/maven-plugin-parameter-documenter-2.2.1.jar (22 kB at 51 kB/s)
#18 82.61 [INFO] Downloading from central: https://repo.maven.apache.org/maven2/commons-cli/commons-cli/1.2/commons-cli-1.2.jar
#18 82.73 [INFO] Downloaded from central: https://repo.maven.apache.org/maven2/org/slf4j/slf4j-api/1.5.6/slf4j-api-1.5.6.jar (22 kB at 41 kB/s)
#18 82.73 [INFO] Downloaded from central: https://repo.maven.apache.org/maven2/org/slf4j/jcl-over-slf4j/1.5.6/jcl-over-slf4j-1.5.6.jar (17 kB at 30 kB/s)
#18 82.73 [INFO] Downloading from central: https://repo.maven.apache.org/maven2/org/apache/maven/maven-plugin-descriptor/2.2.1/maven-plugin-descriptor-2.2.1.jar
#18 82.73 [INFO] Downloading from central: https://repo.maven.apache.org/maven2/org/codehaus/plexus/plexus-interactivity-api/1.0-alpha-4/plexus-interactivity-api-1.0-alpha-4.jar
#18 82.73 [INFO] Downloaded from central: https://repo.maven.apache.org/maven2/org/slf4j/slf4j-jdk14/1.5.6/slf4j-jdk14-1.5.6.jar (8.8 kB at 16 kB/s)
#18 82.73 [INFO] Downloading from central: https://repo.maven.apache.org/maven2/org/apache/maven/maven-monitor/2.2.1/maven-monitor-2.2.1.jar
#18 82.75 [INFO] Downloaded from central: https://repo.maven.apache.org/maven2/org/apache/maven/maven-error-diagnostics/2.2.1/maven-error-diagnostics-2.2.1.jar (13 kB at 23 kB/s)
#18 82.75 [INFO] Downloading from central: https://repo.maven.apache.org/maven2/org/sonatype/plexus/plexus-sec-dispatcher/1.3/plexus-sec-dispatcher-1.3.jar
#18 82.75 [INFO] Downloaded from central: https://repo.maven.apache.org/maven2/commons-cli/commons-cli/1.2/commons-cli-1.2.jar (41 kB at 72 kB/s)
#18 82.75 [INFO] Downloading from central: https://repo.maven.apache.org/maven2/org/sonatype/plexus/plexus-cipher/1.4/plexus-cipher-1.4.jar
#18 82.86 [INFO] Downloaded from central: https://repo.maven.apache.org/maven2/org/codehaus/plexus/plexus-interactivity-api/1.0-alpha-4/plexus-interactivity-api-1.0-alpha-4.jar (13 kB at 20 kB/s)
#18 82.86 [INFO] Downloading from central: https://repo.maven.apache.org/maven2/org/apache/maven/maven-artifact-manager/2.2.1/maven-artifact-manager-2.2.1.jar
#18 82.87 [INFO] Downloaded from central: https://repo.maven.apache.org/maven2/org/apache/maven/maven-monitor/2.2.1/maven-monitor-2.2.1.jar (10 kB at 15 kB/s)
#18 82.87 [INFO] Downloading from central: https://repo.maven.apache.org/maven2/backport-util-concurrent/backport-util-concurrent/3.1/backport-util-concurrent-3.1.jar
#18 82.88 [INFO] Downloaded from central: https://repo.maven.apache.org/maven2/org/sonatype/plexus/plexus-cipher/1.4/plexus-cipher-1.4.jar (13 kB at 19 kB/s)
#18 82.88 [INFO] Downloading from central: https://repo.maven.apache.org/maven2/org/apache/maven/maven-repository-metadata/2.2.1/maven-repository-metadata-2.2.1.jar
#18 82.89 [INFO] Downloaded from central: https://repo.maven.apache.org/maven2/org/apache/maven/maven-plugin-descriptor/2.2.1/maven-plugin-descriptor-2.2.1.jar (39 kB at 56 kB/s)
#18 82.89 [INFO] Downloading from central: https://repo.maven.apache.org/maven2/org/apache/maven/reporting/maven-reporting-api/3.0/maven-reporting-api-3.0.jar
#18 82.89 [INFO] Downloaded from central: https://repo.maven.apache.org/maven2/org/sonatype/plexus/plexus-sec-dispatcher/1.3/plexus-sec-dispatcher-1.3.jar (29 kB at 40 kB/s)
#18 82.89 [INFO] Downloading from central: https://repo.maven.apache.org/maven2/org/apache/maven/reporting/maven-reporting-impl/2.2/maven-reporting-impl-2.2.jar
#18 83.02 [INFO] Downloaded from central: https://repo.maven.apache.org/maven2/org/apache/maven/maven-repository-metadata/2.2.1/maven-repository-metadata-2.2.1.jar (26 kB at 30 kB/s)
#18 83.02 [INFO] Downloading from central: https://repo.maven.apache.org/maven2/org/apache/maven/doxia/doxia-core/1.2/doxia-core-1.2.jar
#18 83.05 [INFO] Downloaded from central: https://repo.maven.apache.org/maven2/org/apache/maven/maven-artifact-manager/2.2.1/maven-artifact-manager-2.2.1.jar (68 kB at 78 kB/s)
#18 83.05 [INFO] Downloading from central: https://repo.maven.apache.org/maven2/xerces/xercesImpl/2.9.1/xercesImpl-2.9.1.jar
#18 83.05 [INFO] Downloaded from central: https://repo.maven.apache.org/maven2/org/apache/maven/reporting/maven-reporting-api/3.0/maven-reporting-api-3.0.jar (11 kB at 13 kB/s)
#18 83.05 [INFO] Downloading from central: https://repo.maven.apache.org/maven2/xml-apis/xml-apis/1.3.04/xml-apis-1.3.04.jar
#18 83.05 [INFO] Downloaded from central: https://repo.maven.apache.org/maven2/org/apache/maven/reporting/maven-reporting-impl/2.2/maven-reporting-impl-2.2.jar (17 kB at 19 kB/s)
#18 83.05 [INFO] Downloading from central: https://repo.maven.apache.org/maven2/org/apache/httpcomponents/httpclient/4.0.2/httpclient-4.0.2.jar
#18 83.11 [INFO] Downloaded from central: https://repo.maven.apache.org/maven2/backport-util-concurrent/backport-util-concurrent/3.1/backport-util-concurrent-3.1.jar (332 kB at 356 kB/s)
#18 83.11 [INFO] Downloading from central: https://repo.maven.apache.org/maven2/org/apache/httpcomponents/httpcore/4.0.1/httpcore-4.0.1.jar
#18 83.23 [INFO] Downloaded from central: https://repo.maven.apache.org/maven2/org/apache/maven/doxia/doxia-core/1.2/doxia-core-1.2.jar (154 kB at 148 kB/s)
#18 83.23 [INFO] Downloading from central: https://repo.maven.apache.org/maven2/commons-codec/commons-codec/1.3/commons-codec-1.3.jar
#18 83.31 [INFO] Downloaded from central: https://repo.maven.apache.org/maven2/org/apache/httpcomponents/httpcore/4.0.1/httpcore-4.0.1.jar (173 kB at 153 kB/s)
#18 83.31 [INFO] Downloading from central: https://repo.maven.apache.org/maven2/commons-validator/commons-validator/1.3.1/commons-validator-1.3.1.jar
#18 83.32 [INFO] Downloaded from central: https://repo.maven.apache.org/maven2/xml-apis/xml-apis/1.3.04/xml-apis-1.3.04.jar (194 kB at 170 kB/s)
#18 83.32 [INFO] Downloading from central: https://repo.maven.apache.org/maven2/commons-beanutils/commons-beanutils/1.7.0/commons-beanutils-1.7.0.jar
#18 83.39 [INFO] Downloaded from central: https://repo.maven.apache.org/maven2/commons-codec/commons-codec/1.3/commons-codec-1.3.jar (47 kB at 39 kB/s)
#18 83.39 [INFO] Downloading from central: https://repo.maven.apache.org/maven2/commons-digester/commons-digester/1.6/commons-digester-1.6.jar
#18 83.39 [INFO] Downloaded from central: https://repo.maven.apache.org/maven2/org/apache/httpcomponents/httpclient/4.0.2/httpclient-4.0.2.jar (293 kB at 242 kB/s)
#18 83.39 [INFO] Downloading from central: https://repo.maven.apache.org/maven2/commons-logging/commons-logging/1.0.4/commons-logging-1.0.4.jar
#18 83.50 [INFO] Downloaded from central: https://repo.maven.apache.org/maven2/commons-validator/commons-validator/1.3.1/commons-validator-1.3.1.jar (139 kB at 105 kB/s)
#18 83.50 [INFO] Downloading from central: https://repo.maven.apache.org/maven2/commons-io/commons-io/1.4/commons-io-1.4.jar
#18 83.54 [INFO] Downloaded from central: https://repo.maven.apache.org/maven2/commons-logging/commons-logging/1.0.4/commons-logging-1.0.4.jar (38 kB at 28 kB/s)
#18 83.54 [INFO] Downloading from central: https://repo.maven.apache.org/maven2/org/apache/maven/doxia/doxia-sink-api/1.4/doxia-sink-api-1.4.jar
#18 83.61 [INFO] Downloaded from central: https://repo.maven.apache.org/maven2/commons-beanutils/commons-beanutils/1.7.0/commons-beanutils-1.7.0.jar (189 kB at 132 kB/s)
#18 83.61 [INFO] Downloading from central: https://repo.maven.apache.org/maven2/org/apache/maven/doxia/doxia-logging-api/1.4/doxia-logging-api-1.4.jar
#18 83.64 [INFO] Downloaded from central: https://repo.maven.apache.org/maven2/commons-digester/commons-digester/1.6/commons-digester-1.6.jar (168 kB at 115 kB/s)
#18 83.64 [INFO] Downloading from central: https://repo.maven.apache.org/maven2/org/apache/maven/doxia/doxia-site-renderer/1.4/doxia-site-renderer-1.4.jar
#18 83.72 [INFO] Downloaded from central: https://repo.maven.apache.org/maven2/commons-io/commons-io/1.4/commons-io-1.4.jar (109 kB at 71 kB/s)
#18 83.72 [INFO] Downloaded from central: https://repo.maven.apache.org/maven2/org/apache/maven/doxia/doxia-sink-api/1.4/doxia-sink-api-1.4.jar (11 kB at 7.3 kB/s)
#18 83.72 [INFO] Downloading from central: https://repo.maven.apache.org/maven2/org/apache/maven/doxia/doxia-decoration-model/1.4/doxia-decoration-model-1.4.jar
#18 83.72 [INFO] Downloading from central: https://repo.maven.apache.org/maven2/org/apache/maven/doxia/doxia-module-xhtml/1.4/doxia-module-xhtml-1.4.jar
#18 83.75 [INFO] Downloaded from central: https://repo.maven.apache.org/maven2/org/apache/maven/doxia/doxia-logging-api/1.4/doxia-logging-api-1.4.jar (11 kB at 7.2 kB/s)
#18 83.75 [INFO] Downloading from central: https://repo.maven.apache.org/maven2/org/apache/maven/doxia/doxia-module-fml/1.4/doxia-module-fml-1.4.jar
#18 83.82 [INFO] Downloaded from central: https://repo.maven.apache.org/maven2/org/apache/maven/doxia/doxia-site-renderer/1.4/doxia-site-renderer-1.4.jar (53 kB at 32 kB/s)
#18 83.82 [INFO] Downloading from central: https://repo.maven.apache.org/maven2/org/codehaus/plexus/plexus-i18n/1.0-beta-7/plexus-i18n-1.0-beta-7.jar
#18 83.87 [INFO] Downloaded from central: https://repo.maven.apache.org/maven2/org/apache/maven/doxia/doxia-module-xhtml/1.4/doxia-module-xhtml-1.4.jar (15 kB at 9.1 kB/s)
#18 83.87 [INFO] Downloading from central: https://repo.maven.apache.org/maven2/org/codehaus/plexus/plexus-velocity/1.1.7/plexus-velocity-1.1.7.jar
#18 83.90 [INFO] Downloaded from central: https://repo.maven.apache.org/maven2/org/apache/maven/doxia/doxia-decoration-model/1.4/doxia-decoration-model-1.4.jar (61 kB at 36 kB/s)
#18 83.90 [INFO] Downloading from central: https://repo.maven.apache.org/maven2/org/apache/velocity/velocity/1.5/velocity-1.5.jar
#18 83.90 [INFO] Downloaded from central: https://repo.maven.apache.org/maven2/org/apache/maven/doxia/doxia-module-fml/1.4/doxia-module-fml-1.4.jar (38 kB at 22 kB/s)
#18 83.90 [INFO] Downloading from central: https://repo.maven.apache.org/maven2/oro/oro/2.0.8/oro-2.0.8.jar
#18 83.93 [INFO] Downloaded from central: https://repo.maven.apache.org/maven2/xerces/xercesImpl/2.9.1/xercesImpl-2.9.1.jar (1.2 MB at 702 kB/s)
#18 83.93 [INFO] Downloading from central: https://repo.maven.apache.org/maven2/org/apache/velocity/velocity-tools/2.0/velocity-tools-2.0.jar
#18 83.96 [INFO] Downloaded from central: https://repo.maven.apache.org/maven2/org/codehaus/plexus/plexus-i18n/1.0-beta-7/plexus-i18n-1.0-beta-7.jar (11 kB at 5.9 kB/s)
#18 83.96 [INFO] Downloading from central: https://repo.maven.apache.org/maven2/commons-chain/commons-chain/1.1/commons-chain-1.1.jar
#18 84.00 [INFO] Downloaded from central: https://repo.maven.apache.org/maven2/org/codehaus/plexus/plexus-velocity/1.1.7/plexus-velocity-1.1.7.jar (7.7 kB at 4.2 kB/s)
#18 84.00 [INFO] Downloading from central: https://repo.maven.apache.org/maven2/dom4j/dom4j/1.1/dom4j-1.1.jar
#18 84.07 [INFO] Downloaded from central: https://repo.maven.apache.org/maven2/oro/oro/2.0.8/oro-2.0.8.jar (65 kB at 35 kB/s)
#18 84.07 [INFO] Downloading from central: https://repo.maven.apache.org/maven2/sslext/sslext/1.2-0/sslext-1.2-0.jar
#18 84.18 [INFO] Downloaded from central: https://repo.maven.apache.org/maven2/commons-chain/commons-chain/1.1/commons-chain-1.1.jar (90 kB at 45 kB/s)
#18 84.18 [INFO] Downloading from central: https://repo.maven.apache.org/maven2/org/apache/struts/struts-core/1.3.8/struts-core-1.3.8.jar
#18 84.23 [INFO] Downloaded from central: https://repo.maven.apache.org/maven2/sslext/sslext/1.2-0/sslext-1.2-0.jar (26 kB at 13 kB/s)
#18 84.23 [INFO] Downloading from central: https://repo.maven.apache.org/maven2/antlr/antlr/2.7.2/antlr-2.7.2.jar
#18 84.25 [INFO] Downloaded from central: https://repo.maven.apache.org/maven2/org/apache/velocity/velocity-tools/2.0/velocity-tools-2.0.jar (347 kB at 168 kB/s)
#18 84.25 [INFO] Downloading from central: https://repo.maven.apache.org/maven2/org/apache/struts/struts-taglib/1.3.8/struts-taglib-1.3.8.jar
#18 84.28 [INFO] Downloaded from central: https://repo.maven.apache.org/maven2/dom4j/dom4j/1.1/dom4j-1.1.jar (457 kB at 218 kB/s)
#18 84.28 [INFO] Downloading from central: https://repo.maven.apache.org/maven2/org/apache/struts/struts-tiles/1.3.8/struts-tiles-1.3.8.jar
#18 84.30 [INFO] Downloaded from central: https://repo.maven.apache.org/maven2/org/apache/velocity/velocity/1.5/velocity-1.5.jar (392 kB at 185 kB/s)
#18 84.30 [INFO] Downloading from central: https://repo.maven.apache.org/maven2/org/codehaus/plexus/plexus-component-annotations/1.5.5/plexus-component-annotations-1.5.5.jar
#18 84.43 [INFO] Downloaded from central: https://repo.maven.apache.org/maven2/org/codehaus/plexus/plexus-component-annotations/1.5.5/plexus-component-annotations-1.5.5.jar (4.2 kB at 1.9 kB/s)
#18 84.43 [INFO] Downloading from central: https://repo.maven.apache.org/maven2/org/codehaus/plexus/plexus-archiver/2.9/plexus-archiver-2.9.jar
#18 84.45 [INFO] Downloaded from central: https://repo.maven.apache.org/maven2/org/apache/struts/struts-tiles/1.3.8/struts-tiles-1.3.8.jar (120 kB at 53 kB/s)
#18 84.45 [INFO] Downloading from central: https://repo.maven.apache.org/maven2/org/apache/commons/commons-compress/1.9/commons-compress-1.9.jar
#18 84.52 [INFO] Downloaded from central: https://repo.maven.apache.org/maven2/org/apache/struts/struts-taglib/1.3.8/struts-taglib-1.3.8.jar (252 kB at 107 kB/s)
#18 84.52 [INFO] Downloading from central: https://repo.maven.apache.org/maven2/org/codehaus/plexus/plexus-utils/3.0.20/plexus-utils-3.0.20.jar
#18 84.54 [INFO] Downloaded from central: https://repo.maven.apache.org/maven2/org/apache/struts/struts-core/1.3.8/struts-core-1.3.8.jar (329 kB at 140 kB/s)
#18 84.54 [INFO] Downloading from central: https://repo.maven.apache.org/maven2/org/apache/maven/shared/file-management/1.2.1/file-management-1.2.1.jar
#18 84.71 [INFO] Downloaded from central: https://repo.maven.apache.org/maven2/org/codehaus/plexus/plexus-archiver/2.9/plexus-archiver-2.9.jar (145 kB at 57 kB/s)
#18 84.71 [INFO] Downloading from central: https://repo.maven.apache.org/maven2/org/apache/maven/shared/maven-shared-io/1.1/maven-shared-io-1.1.jar
#18 84.72 [INFO] Downloaded from central: https://repo.maven.apache.org/maven2/org/apache/maven/shared/file-management/1.2.1/file-management-1.2.1.jar (38 kB at 15 kB/s)
#18 84.72 [INFO] Downloading from central: https://repo.maven.apache.org/maven2/org/apache/maven/wagon/wagon-provider-api/1.0-alpha-6/wagon-provider-api-1.0-alpha-6.jar
#18 84.79 [INFO] Downloaded from central: https://repo.maven.apache.org/maven2/org/codehaus/plexus/plexus-utils/3.0.20/plexus-utils-3.0.20.jar (243 kB at 93 kB/s)
#18 84.79 [INFO] Downloading from central: https://repo.maven.apache.org/maven2/org/codehaus/plexus/plexus-io/2.4/plexus-io-2.4.jar
#18 84.83 [INFO] Downloaded from central: https://repo.maven.apache.org/maven2/antlr/antlr/2.7.2/antlr-2.7.2.jar (358 kB at 135 kB/s)
#18 84.83 [INFO] Downloading from central: https://repo.maven.apache.org/maven2/org/apache/maven/shared/maven-dependency-analyzer/1.6/maven-dependency-analyzer-1.6.jar
#18 84.90 [INFO] Downloaded from central: https://repo.maven.apache.org/maven2/org/apache/maven/shared/maven-shared-io/1.1/maven-shared-io-1.1.jar (39 kB at 15 kB/s)
#18 84.90 [INFO] Downloading from central: https://repo.maven.apache.org/maven2/org/ow2/asm/asm/5.0.2/asm-5.0.2.jar
#18 84.90 [INFO] Downloaded from central: https://repo.maven.apache.org/maven2/org/apache/maven/wagon/wagon-provider-api/1.0-alpha-6/wagon-provider-api-1.0-alpha-6.jar (43 kB at 16 kB/s)
#18 84.90 [INFO] Downloading from central: https://repo.maven.apache.org/maven2/org/apache/maven/shared/maven-dependency-tree/2.2/maven-dependency-tree-2.2.jar
#18 84.97 [INFO] Downloaded from central: https://repo.maven.apache.org/maven2/org/codehaus/plexus/plexus-io/2.4/plexus-io-2.4.jar (81 kB at 29 kB/s)
#18 84.97 [INFO] Downloading from central: https://repo.maven.apache.org/maven2/org/eclipse/aether/aether-util/0.9.0.M2/aether-util-0.9.0.M2.jar
#18 84.98 [INFO] Downloaded from central: https://repo.maven.apache.org/maven2/org/apache/maven/shared/maven-dependency-analyzer/1.6/maven-dependency-analyzer-1.6.jar (32 kB at 11 kB/s)
#18 84.98 [INFO] Downloading from central: https://repo.maven.apache.org/maven2/org/apache/maven/shared/maven-common-artifact-filters/1.4/maven-common-artifact-filters-1.4.jar
#18 84.99 [INFO] Downloaded from central: https://repo.maven.apache.org/maven2/org/apache/commons/commons-compress/1.9/commons-compress-1.9.jar (378 kB at 135 kB/s)
#18 84.99 [INFO] Downloading from central: https://repo.maven.apache.org/maven2/org/apache/maven/shared/maven-invoker/2.1.1/maven-invoker-2.1.1.jar
#18 85.07 [INFO] Downloaded from central: https://repo.maven.apache.org/maven2/org/ow2/asm/asm/5.0.2/asm-5.0.2.jar (53 kB at 18 kB/s)
#18 85.07 [INFO] Downloading from central: https://repo.maven.apache.org/maven2/commons-collections/commons-collections/3.2.1/commons-collections-3.2.1.jar
#18 85.09 [INFO] Downloaded from central: https://repo.maven.apache.org/maven2/org/apache/maven/shared/maven-dependency-tree/2.2/maven-dependency-tree-2.2.jar (64 kB at 22 kB/s)
#18 85.09 [INFO] Downloading from central: https://repo.maven.apache.org/maven2/classworlds/classworlds/1.1/classworlds-1.1.jar
#18 85.12 [INFO] Downloaded from central: https://repo.maven.apache.org/maven2/org/apache/maven/shared/maven-common-artifact-filters/1.4/maven-common-artifact-filters-1.4.jar (32 kB at 11 kB/s)
#18 85.13 [INFO] Downloaded from central: https://repo.maven.apache.org/maven2/org/apache/maven/shared/maven-invoker/2.1.1/maven-invoker-2.1.1.jar (30 kB at 10 kB/s)
#18 85.16 [INFO] Downloaded from central: https://repo.maven.apache.org/maven2/org/eclipse/aether/aether-util/0.9.0.M2/aether-util-0.9.0.M2.jar (134 kB at 45 kB/s)
#18 85.25 [INFO] Downloaded from central: https://repo.maven.apache.org/maven2/classworlds/classworlds/1.1/classworlds-1.1.jar (38 kB at 12 kB/s)
#18 85.54 [INFO] Downloaded from central: https://repo.maven.apache.org/maven2/commons-collections/commons-collections/3.2.1/commons-collections-3.2.1.jar (575 kB at 172 kB/s)
#18 85.73 [INFO] 
#18 85.73 [INFO] The following files have been resolved:
#18 85.73 [INFO]    org.springframework.boot:spring-boot-starter-aop:jar:1.5.3.RELEASE:compile
#18 85.73 [INFO]    org.apache.commons:commons-lang3:jar:3.4:compile
#18 85.73 [INFO]    net.jcip:jcip-annotations:jar:1.0:compile
#18 85.73 [INFO]    org.jboss.logging:jboss-logging:jar:3.3.1.Final:compile
#18 85.73 [INFO]    org.springframework.boot:spring-boot-starter-data-jpa:jar:1.5.3.RELEASE:compile
#18 85.73 [INFO]    org.mockito:mockito-all:jar:1.9.5:test
#18 85.73 [INFO]    org.hibernate.common:hibernate-commons-annotations:jar:5.0.1.Final:compile
#18 85.73 [INFO]    org.springframework.boot:spring-boot-starter-web:jar:1.5.3.RELEASE:compile
#18 85.73 [INFO]    org.mockito:mockito-core:jar:1.10.19:test
#18 85.73 [INFO]    org.codehaus.jackson:jackson-mapper-asl:jar:1.9.2:compile
#18 85.73 [INFO]    org.springframework:spring-tx:jar:4.3.8.RELEASE:compile
#18 85.73 [INFO]    io.rest-assured:xml-path:jar:3.0.2:compile
#18 85.73 [INFO]    org.assertj:assertj-core:jar:2.6.0:test
#18 85.73 [INFO]    io.rest-assured:json-path:jar:3.0.2:compile
#18 85.73 [INFO]    org.skyscreamer:jsonassert:jar:1.4.0:test
#18 85.73 [INFO]    com.googlecode.json-simple:json-simple:jar:1.1.1:compile
#18 85.73 [INFO]    org.javassist:javassist:jar:3.21.0-GA:compile
#18 85.73 [INFO]    org.springframework.boot:spring-boot-starter-tomcat:jar:1.5.3.RELEASE:compile
#18 85.73 [INFO]    com.nimbusds:oauth2-oidc-sdk:jar:4.5:compile
#18 85.73 [INFO]    org.apache.httpcomponents:httpcore:jar:4.4.6:compile
#18 85.73 [INFO]    org.hibernate:hibernate-entitymanager:jar:5.0.12.Final:compile
#18 85.73 [INFO]    com.jayway.jsonpath:json-path:jar:2.2.0:test
#18 85.73 [INFO]    org.apache.tomcat:tomcat-jdbc:jar:8.5.14:compile
#18 85.73 [INFO]    mysql:mysql-connector-java:jar:5.1.41:compile
#18 85.73 [INFO]    org.hibernate:hibernate-validator:jar:5.3.5.Final:compile
#18 85.73 [INFO]    org.hibernate:hibernate-core:jar:5.0.12.Final:compile
#18 85.73 [INFO]    io.jsonwebtoken:jjwt:jar:0.7.0:compile
#18 85.73 [INFO]    org.springframework.boot:spring-boot-starter:jar:1.5.3.RELEASE:compile
#18 85.73 [INFO]    javax.validation:validation-api:jar:1.1.0.Final:compile
#18 85.73 [INFO]    org.bouncycastle:bcprov-jdk15on:jar:1.51:compile
#18 85.73 [INFO]    dom4j:dom4j:jar:1.6.1:compile
#18 85.73 [INFO]    com.microsoft.sqlserver:mssql-jdbc:jar:6.1.0.jre8:compile
#18 85.73 [INFO]    org.springframework:spring-web:jar:4.3.8.RELEASE:compile
#18 85.73 [INFO]    org.apache.httpcomponents:httpclient:jar:4.5.3:compile
#18 85.73 [INFO]    org.ow2.asm:asm:jar:5.0.3:compile
#18 85.73 [INFO]    org.slf4j:log4j-over-slf4j:jar:1.7.25:compile
#18 85.73 [INFO]    com.nimbusds:lang-tag:jar:1.4:compile
#18 85.73 [INFO]    javax.xml.bind:jaxb-api:jar:2.2.2:compile
#18 85.73 [INFO]    org.springframework.boot:spring-boot-test:jar:1.5.3.RELEASE:test
#18 85.73 [INFO]    javax.mail:mail:jar:1.4.5:compile
#18 85.73 [INFO]    commons-lang:commons-lang:jar:2.6:compile
#18 85.73 [INFO]    org.hibernate.javax.persistence:hibernate-jpa-2.1-api:jar:1.0.0.Final:compile
#18 85.73 [INFO]    javax.activation:activation:jar:1.1:compile
#18 85.73 [INFO]    commons-codec:commons-codec:jar:1.10:compile
#18 85.73 [INFO]    org.springframework.boot:spring-boot-starter-test:jar:1.5.3.RELEASE:test
#18 85.73 [INFO]    org.apache.tomcat.embed:tomcat-embed-core:jar:8.5.14:compile
#18 85.73 [INFO]    javax.inject:javax.inject:jar:1:compile
#18 85.73 [INFO]    org.jboss:jandex:jar:2.0.0.Final:compile
#18 85.73 [INFO]    org.springframework:spring-jdbc:jar:4.3.8.RELEASE:compile
#18 85.73 [INFO]    org.apache.tomcat.embed:tomcat-embed-el:jar:8.5.14:compile
#18 85.73 [INFO]    javax.xml.stream:stax-api:jar:1.0-2:compile
#18 85.73 [INFO]    org.hibernate:hibernate-c3p0:jar:5.2.10.Final:compile
#18 85.73 [INFO]    org.springframework.boot:spring-boot:jar:1.5.3.RELEASE:compile
#18 85.73 [INFO]    net.minidev:accessors-smart:jar:1.1:compile
#18 85.73 [INFO]    org.codehaus.jackson:jackson-core-asl:jar:1.9.2:compile
#18 85.73 [INFO]    org.springframework:spring-context-support:jar:4.3.8.RELEASE:compile
#18 85.73 [INFO]    ch.qos.logback:logback-classic:jar:1.1.11:compile
#18 85.73 [INFO]    org.slf4j:jul-to-slf4j:jar:1.7.25:compile
#18 85.73 [INFO]    stax:stax-api:jar:1.0.1:compile
#18 85.73 [INFO]    com.fasterxml.jackson.core:jackson-annotations:jar:2.8.0:compile
#18 85.73 [INFO]    com.microsoft.azure:adal4j:jar:1.0.0:compile
#18 85.73 [INFO]    org.springframework.boot:spring-boot-starter-jdbc:jar:1.5.3.RELEASE:compile
#18 85.73 [INFO]    com.microsoft.azure:azure-keyvault:jar:0.9.3:compile
#18 85.73 [INFO]    io.rest-assured:rest-assured:jar:3.0.2:compile
#18 85.73 [INFO]    org.hamcrest:hamcrest-library:jar:1.3:test
#18 85.73 [INFO]    com.sun.jersey:jersey-json:jar:1.13:compile
#18 85.73 [INFO]    com.mchange:c3p0:jar:0.9.5.2:compile
#18 85.73 [INFO]    org.springframework.security:spring-security-core:jar:4.2.2.RELEASE:compile
#18 85.73 [INFO]    org.codehaus.jackson:jackson-jaxrs:jar:1.9.2:compile
#18 85.73 [INFO]    com.google.code.gson:gson:jar:2.8.0:compile
#18 85.73 [INFO]    org.springframework.data:spring-data-commons:jar:1.13.3.RELEASE:compile
#18 85.73 [INFO]    com.sun.xml.bind:jaxb-impl:jar:2.2.3-1:compile
#18 85.73 [INFO]    org.springframework.boot:spring-boot-starter-freemarker:jar:1.5.3.RELEASE:compile
#18 85.73 [INFO]    antlr:antlr:jar:2.7.7:compile
#18 85.73 [INFO]    com.fasterxml.jackson.core:jackson-core:jar:2.8.8:compile
#18 85.73 [INFO]    org.postgresql:postgresql:jar:9.4.1212.jre7:compile
#18 85.73 [INFO]    org.springframework:spring-beans:jar:4.3.8.RELEASE:compile
#18 85.73 [INFO]    org.yaml:snakeyaml:jar:1.17:runtime
#18 85.73 [INFO]    org.springframework.boot:spring-boot-starter-logging:jar:1.5.3.RELEASE:compile
#18 85.73 [INFO]    org.slf4j:jcl-over-slf4j:jar:1.7.25:compile
#18 85.73 [INFO]    org.aspectj:aspectjweaver:jar:1.8.10:compile
#18 85.73 [INFO]    com.zaxxer:HikariCP:jar:2.5.1:compile
#18 85.73 [INFO]    org.hamcrest:hamcrest-core:jar:1.3:compile
#18 85.73 [INFO]    org.springframework:spring-webmvc:jar:4.3.8.RELEASE:compile
#18 85.73 [INFO]    org.springframework:spring-expression:jar:4.3.8.RELEASE:compile
#18 85.73 [INFO]    org.springframework.boot:spring-boot-test-autoconfigure:jar:1.5.3.RELEASE:test
#18 85.73 [INFO]    org.springframework:spring-aop:jar:4.3.8.RELEASE:compile
#18 85.73 [INFO]    com.nimbusds:nimbus-jose-jwt:jar:3.1.2:compile
#18 85.73 [INFO]    com.sun.jersey:jersey-client:jar:1.13:compile
#18 85.73 [INFO]    org.freemarker:freemarker:jar:2.3.26-incubating:compile
#18 85.73 [INFO]    org.springframework.data:spring-data-jpa:jar:1.11.3.RELEASE:compile
#18 85.73 [INFO]    org.apache.tomcat:tomcat-juli:jar:8.5.14:compile
#18 85.73 [INFO]    org.codehaus.jackson:jackson-xc:jar:1.9.2:compile
#18 85.73 [INFO]    ch.qos.logback:logback-core:jar:1.1.11:compile
#18 85.73 [INFO]    org.codehaus.groovy:groovy:jar:2.4.10:compile
#18 85.73 [INFO]    com.mchange:mchange-commons-java:jar:0.2.11:compile
#18 85.73 [INFO]    org.springframework.security:spring-security-config:jar:4.2.2.RELEASE:compile
#18 85.73 [INFO]    org.apache.tomcat.embed:tomcat-embed-websocket:jar:8.5.14:compile
#18 85.73 [INFO]    com.h2database:h2:jar:1.4.187:compile
#18 85.73 [INFO]    org.springframework:spring-orm:jar:4.3.8.RELEASE:compile
#18 85.73 [INFO]    org.springframework:spring-test:jar:4.3.8.RELEASE:test
#18 85.73 [INFO]    org.ccil.cowan.tagsoup:tagsoup:jar:1.2.1:compile
#18 85.73 [INFO]    org.objenesis:objenesis:jar:2.1:test
#18 85.73 [INFO]    org.apache.httpcomponents:httpmime:jar:4.5.3:compile
#18 85.73 [INFO]    com.microsoft.azure:azure-core:jar:0.9.3:compile
#18 85.73 [INFO]    org.springframework.boot:spring-boot-devtools:jar:1.5.3.RELEASE:compile
#18 85.73 [INFO]    io.rest-assured:rest-assured-common:jar:3.0.2:compile
#18 85.73 [INFO]    com.sun.jersey:jersey-core:jar:1.13:compile
#18 85.73 [INFO]    org.springframework.security:spring-security-web:jar:4.2.2.RELEASE:compile
#18 85.73 [INFO]    org.codehaus.jettison:jettison:jar:1.1:compile
#18 85.73 [INFO]    junit:junit:jar:4.12:compile
#18 85.73 [INFO]    org.springframework:spring-context:jar:4.3.8.RELEASE:compile
#18 85.73 [INFO]    org.springframework.boot:spring-boot-autoconfigure:jar:1.5.3.RELEASE:compile
#18 85.73 [INFO]    org.slf4j:slf4j-api:jar:1.7.25:compile
#18 85.73 [INFO]    org.codehaus.groovy:groovy-xml:jar:2.4.10:compile
#18 85.73 [INFO]    javax.transaction:javax.transaction-api:jar:1.2:compile
#18 85.73 [INFO]    net.minidev:json-smart:jar:2.2.1:compile
#18 85.73 [INFO]    org.codehaus.groovy:groovy-json:jar:2.4.10:compile
#18 85.73 [INFO]    org.springframework:spring-aspects:jar:4.3.8.RELEASE:compile
#18 85.73 [INFO]    com.fasterxml.jackson.core:jackson-databind:jar:2.8.8:compile
#18 85.73 [INFO]    org.springframework:spring-core:jar:4.3.9.RELEASE:compile
#18 85.73 [INFO]    org.springframework.boot:spring-boot-starter-security:jar:1.5.3.RELEASE:compile
#18 85.73 [INFO]    com.fasterxml:classmate:jar:1.3.3:compile
#18 85.73 [INFO]    com.vaadin.external.google:android-json:jar:0.0.20131108.vaadin1:test
#18 85.73 [INFO] 
#18 85.73 [INFO] ------------------------------------------------------------------------
#18 85.73 [INFO] BUILD SUCCESS
#18 85.73 [INFO] ------------------------------------------------------------------------
#18 85.73 [INFO] Total time:  01:23 min
#18 85.73 [INFO] Finished at: 2026-07-26T23:50:01Z
#18 85.73 [INFO] ------------------------------------------------------------------------
#18 DONE 85.8s

#19 [appserver 5/6] COPY . .
#19 DONE 0.1s

#15 [storefront 4/5] RUN npm install
#15 ...

#20 [appserver 6/6] RUN mvn -B -s /usr/share/maven/ref/settings-docker.xml package -DskipTests
#20 1.285 [INFO] Scanning for projects...
#20 1.406 [INFO] 
#20 1.407 [INFO] -----------------------< com.docker.atsea:AtSea >-----------------------
#20 1.407 [INFO] Building atsea 0.0.1-SNAPSHOT
#20 1.407 [INFO]   from pom.xml
#20 1.407 [INFO] --------------------------------[ jar ]---------------------------------
#20 1.554 [INFO] Downloading from central: https://repo.maven.apache.org/maven2/org/springframework/boot/spring-boot-maven-plugin/1.5.3.RELEASE/spring-boot-maven-plugin-1.5.3.RELEASE.pom
#20 2.204 [INFO] Downloaded from central: https://repo.maven.apache.org/maven2/org/springframework/boot/spring-boot-maven-plugin/1.5.3.RELEASE/spring-boot-maven-plugin-1.5.3.RELEASE.pom (6.4 kB at 9.8 kB/s)
#20 2.219 [INFO] Downloading from central: https://repo.maven.apache.org/maven2/org/springframework/boot/spring-boot-tools/1.5.3.RELEASE/spring-boot-tools-1.5.3.RELEASE.pom
#20 2.351 [INFO] Downloaded from central: https://repo.maven.apache.org/maven2/org/springframework/boot/spring-boot-tools/1.5.3.RELEASE/spring-boot-tools-1.5.3.RELEASE.pom (1.3 kB at 10 kB/s)
#20 2.367 [INFO] Downloading from central: https://repo.maven.apache.org/maven2/org/springframework/boot/spring-boot-maven-plugin/1.5.3.RELEASE/spring-boot-maven-plugin-1.5.3.RELEASE.jar
#20 2.522 [INFO] Downloaded from central: https://repo.maven.apache.org/maven2/org/springframework/boot/spring-boot-maven-plugin/1.5.3.RELEASE/spring-boot-maven-plugin-1.5.3.RELEASE.jar (65 kB at 421 kB/s)
#20 2.532 [INFO] Downloading from central: https://repo.maven.apache.org/maven2/org/apache/maven/plugins/maven-resources-plugin/2.6/maven-resources-plugin-2.6.pom
#20 2.661 [INFO] Downloaded from central: https://repo.maven.apache.org/maven2/org/apache/maven/plugins/maven-resources-plugin/2.6/maven-resources-plugin-2.6.pom (8.1 kB at 63 kB/s)
#20 2.673 [INFO] Downloading from central: https://repo.maven.apache.org/maven2/org/apache/maven/plugins/maven-plugins/23/maven-plugins-23.pom
#20 2.842 [INFO] Downloaded from central: https://repo.maven.apache.org/maven2/org/apache/maven/plugins/maven-plugins/23/maven-plugins-23.pom (9.2 kB at 54 kB/s)
#20 2.851 [INFO] Downloading from central: https://repo.maven.apache.org/maven2/org/apache/maven/plugins/maven-resources-plugin/2.6/maven-resources-plugin-2.6.jar
#20 2.987 [INFO] Downloaded from central: https://repo.maven.apache.org/maven2/org/apache/maven/plugins/maven-resources-plugin/2.6/maven-resources-plugin-2.6.jar (30 kB at 217 kB/s)
#20 2.997 [INFO] Downloading from central: https://repo.maven.apache.org/maven2/org/apache/maven/plugins/maven-compiler-plugin/3.1/maven-compiler-plugin-3.1.pom
#20 3.135 [INFO] Downloaded from central: https://repo.maven.apache.org/maven2/org/apache/maven/plugins/maven-compiler-plugin/3.1/maven-compiler-plugin-3.1.pom (10 kB at 76 kB/s)
#20 3.139 [INFO] Downloading from central: https://repo.maven.apache.org/maven2/org/apache/maven/plugins/maven-plugins/24/maven-plugins-24.pom
#20 3.291 [INFO] Downloaded from central: https://repo.maven.apache.org/maven2/org/apache/maven/plugins/maven-plugins/24/maven-plugins-24.pom (11 kB at 72 kB/s)
#20 3.297 [INFO] Downloading from central: https://repo.maven.apache.org/maven2/org/apache/maven/plugins/maven-compiler-plugin/3.1/maven-compiler-plugin-3.1.jar
#20 3.438 [INFO] Downloaded from central: https://repo.maven.apache.org/maven2/org/apache/maven/plugins/maven-compiler-plugin/3.1/maven-compiler-plugin-3.1.jar (43 kB at 305 kB/s)
#20 3.444 [INFO] Downloading from central: https://repo.maven.apache.org/maven2/org/apache/maven/plugins/maven-surefire-plugin/2.18.1/maven-surefire-plugin-2.18.1.pom
#20 3.585 [INFO] Downloaded from central: https://repo.maven.apache.org/maven2/org/apache/maven/plugins/maven-surefire-plugin/2.18.1/maven-surefire-plugin-2.18.1.pom (5.7 kB at 41 kB/s)
#20 3.587 [INFO] Downloading from central: https://repo.maven.apache.org/maven2/org/apache/maven/surefire/surefire/2.18.1/surefire-2.18.1.pom
#20 3.725 [INFO] Downloaded from central: https://repo.maven.apache.org/maven2/org/apache/maven/surefire/surefire/2.18.1/surefire-2.18.1.pom (17 kB at 121 kB/s)
#20 3.734 [INFO] Downloading from central: https://repo.maven.apache.org/maven2/org/apache/maven/plugins/maven-surefire-plugin/2.18.1/maven-surefire-plugin-2.18.1.jar
#20 3.879 [INFO] Downloaded from central: https://repo.maven.apache.org/maven2/org/apache/maven/plugins/maven-surefire-plugin/2.18.1/maven-surefire-plugin-2.18.1.jar (37 kB at 255 kB/s)
#20 3.894 [INFO] Downloading from central: https://repo.maven.apache.org/maven2/org/apache/maven/plugins/maven-jar-plugin/2.6/maven-jar-plugin-2.6.pom
#20 4.018 [INFO] Downloaded from central: https://repo.maven.apache.org/maven2/org/apache/maven/plugins/maven-jar-plugin/2.6/maven-jar-plugin-2.6.pom (5.9 kB at 49 kB/s)
#20 4.027 [INFO] Downloading from central: https://repo.maven.apache.org/maven2/org/apache/maven/plugins/maven-jar-plugin/2.6/maven-jar-plugin-2.6.jar
#20 4.181 [INFO] Downloaded from central: https://repo.maven.apache.org/maven2/org/apache/maven/plugins/maven-jar-plugin/2.6/maven-jar-plugin-2.6.jar (26 kB at 168 kB/s)
#20 4.340 [WARNING] 1 problem was encountered while building the effective model for org.javassist:javassist:jar:3.21.0-GA during dependency collection step for project (use -X to see details)
#20 4.614 [INFO] 
#20 4.617 [INFO] --- resources:2.6:resources (default-resources) @ AtSea ---
#20 4.628 [INFO] Downloading from central: https://repo.maven.apache.org/maven2/org/apache/maven/maven-project/2.0.6/maven-project-2.0.6.pom
#20 4.752 [INFO] Downloaded from central: https://repo.maven.apache.org/maven2/org/apache/maven/maven-project/2.0.6/maven-project-2.0.6.pom (2.6 kB at 21 kB/s)
#20 4.757 [INFO] Downloading from central: https://repo.maven.apache.org/maven2/org/apache/maven/maven-settings/2.0.6/maven-settings-2.0.6.pom
#20 4.885 [INFO] Downloaded from central: https://repo.maven.apache.org/maven2/org/apache/maven/maven-settings/2.0.6/maven-settings-2.0.6.pom (2.0 kB at 16 kB/s)
#20 4.891 [INFO] Downloading from central: https://repo.maven.apache.org/maven2/org/apache/maven/maven-model/2.0.6/maven-model-2.0.6.pom
#20 5.018 [INFO] Downloaded from central: https://repo.maven.apache.org/maven2/org/apache/maven/maven-model/2.0.6/maven-model-2.0.6.pom (3.0 kB at 24 kB/s)
#20 5.031 [INFO] Downloading from central: https://repo.maven.apache.org/maven2/org/apache/maven/maven-profile/2.0.6/maven-profile-2.0.6.pom
#20 5.156 [INFO] Downloaded from central: https://repo.maven.apache.org/maven2/org/apache/maven/maven-profile/2.0.6/maven-profile-2.0.6.pom (2.0 kB at 16 kB/s)
#20 5.163 [INFO] Downloading from central: https://repo.maven.apache.org/maven2/org/apache/maven/maven-artifact-manager/2.0.6/maven-artifact-manager-2.0.6.pom
#20 5.295 [INFO] Downloaded from central: https://repo.maven.apache.org/maven2/org/apache/maven/maven-artifact-manager/2.0.6/maven-artifact-manager-2.0.6.pom (2.6 kB at 20 kB/s)
#20 5.295 [INFO] Downloading from central: https://repo.maven.apache.org/maven2/org/apache/maven/maven-repository-metadata/2.0.6/maven-repository-metadata-2.0.6.pom
#20 5.419 [INFO] Downloaded from central: https://repo.maven.apache.org/maven2/org/apache/maven/maven-repository-metadata/2.0.6/maven-repository-metadata-2.0.6.pom (1.9 kB at 15 kB/s)
#20 5.427 [INFO] Downloading from central: https://repo.maven.apache.org/maven2/org/apache/maven/maven-artifact/2.0.6/maven-artifact-2.0.6.pom
#20 5.556 [INFO] Downloaded from central: https://repo.maven.apache.org/maven2/org/apache/maven/maven-artifact/2.0.6/maven-artifact-2.0.6.pom (1.6 kB at 12 kB/s)
#20 5.563 [INFO] Downloading from central: https://repo.maven.apache.org/maven2/org/apache/maven/maven-plugin-registry/2.0.6/maven-plugin-registry-2.0.6.pom
#20 5.689 [INFO] Downloaded from central: https://repo.maven.apache.org/maven2/org/apache/maven/maven-plugin-registry/2.0.6/maven-plugin-registry-2.0.6.pom (1.9 kB at 15 kB/s)
#20 5.694 [INFO] Downloading from central: https://repo.maven.apache.org/maven2/org/apache/maven/maven-core/2.0.6/maven-core-2.0.6.pom
#20 5.839 [INFO] Downloaded from central: https://repo.maven.apache.org/maven2/org/apache/maven/maven-core/2.0.6/maven-core-2.0.6.pom (6.7 kB at 46 kB/s)
#20 5.846 [INFO] Downloading from central: https://repo.maven.apache.org/maven2/org/apache/maven/maven-plugin-parameter-documenter/2.0.6/maven-plugin-parameter-documenter-2.0.6.pom
#20 5.968 [INFO] Downloaded from central: https://repo.maven.apache.org/maven2/org/apache/maven/maven-plugin-parameter-documenter/2.0.6/maven-plugin-parameter-documenter-2.0.6.pom (1.9 kB at 15 kB/s)
#20 5.976 [INFO] Downloading from central: https://repo.maven.apache.org/maven2/org/apache/maven/reporting/maven-reporting-api/2.0.6/maven-reporting-api-2.0.6.pom
#20 6.121 [INFO] Downloaded from central: https://repo.maven.apache.org/maven2/org/apache/maven/reporting/maven-reporting-api/2.0.6/maven-reporting-api-2.0.6.pom (1.8 kB at 12 kB/s)
#20 6.122 [INFO] Downloading from central: https://repo.maven.apache.org/maven2/org/apache/maven/reporting/maven-reporting/2.0.6/maven-reporting-2.0.6.pom
#20 6.252 [INFO] Downloaded from central: https://repo.maven.apache.org/maven2/org/apache/maven/reporting/maven-reporting/2.0.6/maven-reporting-2.0.6.pom (1.4 kB at 11 kB/s)
#20 6.256 [INFO] Downloading from central: https://repo.maven.apache.org/maven2/org/apache/maven/doxia/doxia-sink-api/1.0-alpha-7/doxia-sink-api-1.0-alpha-7.pom
#20 6.393 [INFO] Downloaded from central: https://repo.maven.apache.org/maven2/org/apache/maven/doxia/doxia-sink-api/1.0-alpha-7/doxia-sink-api-1.0-alpha-7.pom (424 B at 3.1 kB/s)
#20 6.396 [INFO] Downloading from central: https://repo.maven.apache.org/maven2/org/apache/maven/doxia/doxia/1.0-alpha-7/doxia-1.0-alpha-7.pom
#20 6.549 [INFO] Downloaded from central: https://repo.maven.apache.org/maven2/org/apache/maven/doxia/doxia/1.0-alpha-7/doxia-1.0-alpha-7.pom (3.9 kB at 25 kB/s)
#20 6.556 [INFO] Downloading from central: https://repo.maven.apache.org/maven2/org/apache/maven/maven-error-diagnostics/2.0.6/maven-error-diagnostics-2.0.6.pom
#20 6.688 [INFO] Downloaded from central: https://repo.maven.apache.org/maven2/org/apache/maven/maven-error-diagnostics/2.0.6/maven-error-diagnostics-2.0.6.pom (1.7 kB at 13 kB/s)
#20 6.691 [INFO] Downloading from central: https://repo.maven.apache.org/maven2/commons-cli/commons-cli/1.0/commons-cli-1.0.pom
#20 6.853 [INFO] Downloaded from central: https://repo.maven.apache.org/maven2/commons-cli/commons-cli/1.0/commons-cli-1.0.pom (2.1 kB at 13 kB/s)
#20 6.857 [INFO] Downloading from central: https://repo.maven.apache.org/maven2/org/apache/maven/maven-plugin-descriptor/2.0.6/maven-plugin-descriptor-2.0.6.pom
#20 6.993 [INFO] Downloaded from central: https://repo.maven.apache.org/maven2/org/apache/maven/maven-plugin-descriptor/2.0.6/maven-plugin-descriptor-2.0.6.pom (2.0 kB at 15 kB/s)
#20 6.997 [INFO] Downloading from central: https://repo.maven.apache.org/maven2/org/apache/maven/maven-monitor/2.0.6/maven-monitor-2.0.6.pom
#20 7.150 [INFO] Downloaded from central: https://repo.maven.apache.org/maven2/org/apache/maven/maven-monitor/2.0.6/maven-monitor-2.0.6.pom (1.3 kB at 8.2 kB/s)
#20 7.167 [INFO] Downloading from central: https://repo.maven.apache.org/maven2/org/apache/maven/shared/maven-filtering/1.1/maven-filtering-1.1.pom
#20 7.306 [INFO] Downloaded from central: https://repo.maven.apache.org/maven2/org/apache/maven/shared/maven-filtering/1.1/maven-filtering-1.1.pom (5.8 kB at 41 kB/s)
#20 7.332 [INFO] Downloading from central: https://repo.maven.apache.org/maven2/org/codehaus/plexus/plexus-interpolation/1.12/plexus-interpolation-1.12.pom
#20 7.472 [INFO] Downloaded from central: https://repo.maven.apache.org/maven2/org/codehaus/plexus/plexus-interpolation/1.12/plexus-interpolation-1.12.pom (889 B at 6.3 kB/s)
#20 7.476 [INFO] Downloading from central: https://repo.maven.apache.org/maven2/org/sonatype/plexus/plexus-build-api/0.0.4/plexus-build-api-0.0.4.pom
#20 7.608 [INFO] Downloaded from central: https://repo.maven.apache.org/maven2/org/sonatype/plexus/plexus-build-api/0.0.4/plexus-build-api-0.0.4.pom (2.9 kB at 22 kB/s)
#20 7.617 [INFO] Downloading from central: https://repo.maven.apache.org/maven2/org/sonatype/spice/spice-parent/10/spice-parent-10.pom
#20 7.753 [INFO] Downloaded from central: https://repo.maven.apache.org/maven2/org/sonatype/spice/spice-parent/10/spice-parent-10.pom (3.0 kB at 23 kB/s)
#20 7.760 [INFO] Downloading from central: https://repo.maven.apache.org/maven2/org/sonatype/forge/forge-parent/3/forge-parent-3.pom
#20 7.894 [INFO] Downloaded from central: https://repo.maven.apache.org/maven2/org/sonatype/forge/forge-parent/3/forge-parent-3.pom (5.0 kB at 38 kB/s)
#20 7.912 [INFO] Downloading from central: https://repo.maven.apache.org/maven2/org/codehaus/plexus/plexus-interpolation/1.13/plexus-interpolation-1.13.pom
#20 8.043 [INFO] Downloaded from central: https://repo.maven.apache.org/maven2/org/codehaus/plexus/plexus-interpolation/1.13/plexus-interpolation-1.13.pom (890 B at 6.7 kB/s)
#20 8.043 [INFO] Downloading from central: https://repo.maven.apache.org/maven2/org/codehaus/plexus/plexus-components/1.1.15/plexus-components-1.1.15.pom
#20 8.176 [INFO] Downloaded from central: https://repo.maven.apache.org/maven2/org/codehaus/plexus/plexus-components/1.1.15/plexus-components-1.1.15.pom (2.8 kB at 21 kB/s)
#20 8.215 [INFO] Downloading from central: https://repo.maven.apache.org/maven2/org/apache/maven/maven-plugin-api/2.0.6/maven-plugin-api-2.0.6.jar
#20 8.333 [INFO] Downloaded from central: https://repo.maven.apache.org/maven2/org/apache/maven/maven-plugin-api/2.0.6/maven-plugin-api-2.0.6.jar (13 kB at 97 kB/s)
#20 8.338 [INFO] Downloading from central: https://repo.maven.apache.org/maven2/org/apache/maven/maven-project/2.0.6/maven-project-2.0.6.jar
#20 8.339 [INFO] Downloading from central: https://repo.maven.apache.org/maven2/org/apache/maven/maven-profile/2.0.6/maven-profile-2.0.6.jar
#20 8.339 [INFO] Downloading from central: https://repo.maven.apache.org/maven2/org/apache/maven/maven-artifact-manager/2.0.6/maven-artifact-manager-2.0.6.jar
#20 8.341 [INFO] Downloading from central: https://repo.maven.apache.org/maven2/org/apache/maven/maven-plugin-registry/2.0.6/maven-plugin-registry-2.0.6.jar
#20 8.342 [INFO] Downloading from central: https://repo.maven.apache.org/maven2/org/apache/maven/maven-core/2.0.6/maven-core-2.0.6.jar
#20 8.486 [INFO] Downloaded from central: https://repo.maven.apache.org/maven2/org/apache/maven/maven-profile/2.0.6/maven-profile-2.0.6.jar (35 kB at 238 kB/s)
#20 8.488 [INFO] Downloading from central: https://repo.maven.apache.org/maven2/org/apache/maven/maven-plugin-parameter-documenter/2.0.6/maven-plugin-parameter-documenter-2.0.6.jar
#20 8.629 [INFO] Downloaded from central: https://repo.maven.apache.org/maven2/org/apache/maven/maven-plugin-parameter-documenter/2.0.6/maven-plugin-parameter-documenter-2.0.6.jar (21 kB at 72 kB/s)
#20 8.631 [INFO] Downloading from central: https://repo.maven.apache.org/maven2/org/apache/maven/reporting/maven-reporting-api/2.0.6/maven-reporting-api-2.0.6.jar
#20 8.756 [INFO] Downloaded from central: https://repo.maven.apache.org/maven2/org/apache/maven/reporting/maven-reporting-api/2.0.6/maven-reporting-api-2.0.6.jar (9.9 kB at 24 kB/s)
#20 8.757 [INFO] Downloading from central: https://repo.maven.apache.org/maven2/org/apache/maven/doxia/doxia-sink-api/1.0-alpha-7/doxia-sink-api-1.0-alpha-7.jar
#20 8.898 [INFO] Downloaded from central: https://repo.maven.apache.org/maven2/org/apache/maven/doxia/doxia-sink-api/1.0-alpha-7/doxia-sink-api-1.0-alpha-7.jar (5.9 kB at 11 kB/s)
#20 8.904 [INFO] Downloading from central: https://repo.maven.apache.org/maven2/org/apache/maven/maven-repository-metadata/2.0.6/maven-repository-metadata-2.0.6.jar
#20 8.910 [INFO] Downloaded from central: https://repo.maven.apache.org/maven2/org/apache/maven/maven-plugin-registry/2.0.6/maven-plugin-registry-2.0.6.jar (29 kB at 51 kB/s)
#20 8.911 [INFO] Downloading from central: https://repo.maven.apache.org/maven2/org/apache/maven/maven-error-diagnostics/2.0.6/maven-error-diagnostics-2.0.6.jar
#20 8.917 [INFO] Downloaded from central: https://repo.maven.apache.org/maven2/org/apache/maven/maven-artifact-manager/2.0.6/maven-artifact-manager-2.0.6.jar (57 kB at 98 kB/s)
#20 8.919 [INFO] Downloading from central: https://repo.maven.apache.org/maven2/commons-cli/commons-cli/1.0/commons-cli-1.0.jar
#20 9.041 [INFO] Downloaded from central: https://repo.maven.apache.org/maven2/org/apache/maven/maven-project/2.0.6/maven-project-2.0.6.jar (116 kB at 164 kB/s)
#20 9.041 [INFO] Downloading from central: https://repo.maven.apache.org/maven2/org/apache/maven/maven-plugin-descriptor/2.0.6/maven-plugin-descriptor-2.0.6.jar
#20 9.049 [INFO] Downloaded from central: https://repo.maven.apache.org/maven2/org/apache/maven/maven-error-diagnostics/2.0.6/maven-error-diagnostics-2.0.6.jar (14 kB at 19 kB/s)
#20 9.049 [INFO] Downloading from central: https://repo.maven.apache.org/maven2/org/apache/maven/maven-artifact/2.0.6/maven-artifact-2.0.6.jar
#20 9.062 [INFO] Downloaded from central: https://repo.maven.apache.org/maven2/commons-cli/commons-cli/1.0/commons-cli-1.0.jar (30 kB at 42 kB/s)
#20 9.066 [INFO] Downloading from central: https://repo.maven.apache.org/maven2/org/apache/maven/maven-settings/2.0.6/maven-settings-2.0.6.jar
#20 9.066 [INFO] Downloaded from central: https://repo.maven.apache.org/maven2/org/apache/maven/maven-repository-metadata/2.0.6/maven-repository-metadata-2.0.6.jar (24 kB at 34 kB/s)
#20 9.066 [INFO] Downloading from central: https://repo.maven.apache.org/maven2/org/apache/maven/maven-model/2.0.6/maven-model-2.0.6.jar
#20 9.067 [INFO] Downloaded from central: https://repo.maven.apache.org/maven2/org/apache/maven/maven-core/2.0.6/maven-core-2.0.6.jar (152 kB at 209 kB/s)
#20 9.067 [INFO] Downloading from central: https://repo.maven.apache.org/maven2/org/apache/maven/maven-monitor/2.0.6/maven-monitor-2.0.6.jar
#20 9.186 [INFO] Downloaded from central: https://repo.maven.apache.org/maven2/org/apache/maven/maven-plugin-descriptor/2.0.6/maven-plugin-descriptor-2.0.6.jar (37 kB at 44 kB/s)
#20 9.186 [INFO] Downloading from central: https://repo.maven.apache.org/maven2/org/codehaus/plexus/plexus-utils/2.0.5/plexus-utils-2.0.5.jar
#20 9.214 [INFO] Downloaded from central: https://repo.maven.apache.org/maven2/org/apache/maven/maven-settings/2.0.6/maven-settings-2.0.6.jar (49 kB at 56 kB/s)
#20 9.215 [INFO] Downloading from central: https://repo.maven.apache.org/maven2/org/apache/maven/shared/maven-filtering/1.1/maven-filtering-1.1.jar
#20 9.216 [INFO] Downloaded from central: https://repo.maven.apache.org/maven2/org/apache/maven/maven-artifact/2.0.6/maven-artifact-2.0.6.jar (87 kB at 100 kB/s)
#20 9.218 [INFO] Downloading from central: https://repo.maven.apache.org/maven2/org/sonatype/plexus/plexus-build-api/0.0.4/plexus-build-api-0.0.4.jar
#20 9.218 [INFO] Downloaded from central: https://repo.maven.apache.org/maven2/org/apache/maven/maven-monitor/2.0.6/maven-monitor-2.0.6.jar (10 kB at 12 kB/s)
#20 9.218 [INFO] Downloading from central: https://repo.maven.apache.org/maven2/org/codehaus/plexus/plexus-interpolation/1.13/plexus-interpolation-1.13.jar
#20 9.243 [INFO] Downloaded from central: https://repo.maven.apache.org/maven2/org/apache/maven/maven-model/2.0.6/maven-model-2.0.6.jar (86 kB at 96 kB/s)
#20 9.348 [INFO] Downloaded from central: https://repo.maven.apache.org/maven2/org/sonatype/plexus/plexus-build-api/0.0.4/plexus-build-api-0.0.4.jar (6.8 kB at 6.8 kB/s)
#20 9.387 [INFO] Downloaded from central: https://repo.maven.apache.org/maven2/org/apache/maven/shared/maven-filtering/1.1/maven-filtering-1.1.jar (43 kB at 41 kB/s)
#20 9.389 [INFO] Downloaded from central: https://repo.maven.apache.org/maven2/org/codehaus/plexus/plexus-interpolation/1.13/plexus-interpolation-1.13.jar (61 kB at 58 kB/s)
#20 9.427 [INFO] Downloaded from central: https://repo.maven.apache.org/maven2/org/codehaus/plexus/plexus-utils/2.0.5/plexus-utils-2.0.5.jar (223 kB at 206 kB/s)
#20 9.503 [INFO] Using 'UTF-8' encoding to copy filtered resources.
#20 9.508 [INFO] Copying 1 resource
#20 9.518 [INFO] Copying 0 resource
#20 9.519 [INFO] 
#20 9.519 [INFO] --- compiler:3.1:compile (default-compile) @ AtSea ---
#20 9.525 [INFO] Downloading from central: https://repo.maven.apache.org/maven2/org/apache/maven/maven-plugin-api/2.0.9/maven-plugin-api-2.0.9.pom
#20 9.673 [INFO] Downloaded from central: https://repo.maven.apache.org/maven2/org/apache/maven/maven-plugin-api/2.0.9/maven-plugin-api-2.0.9.pom (1.5 kB at 10 kB/s)
#20 9.684 [INFO] Downloading from central: https://repo.maven.apache.org/maven2/org/apache/maven/maven/2.0.9/maven-2.0.9.pom
#20 9.844 [INFO] Downloaded from central: https://repo.maven.apache.org/maven2/org/apache/maven/maven/2.0.9/maven-2.0.9.pom (19 kB at 117 kB/s)
#20 9.856 [INFO] Downloading from central: https://repo.maven.apache.org/maven2/org/apache/maven/maven-parent/8/maven-parent-8.pom
#20 10.02 [INFO] Downloaded from central: https://repo.maven.apache.org/maven2/org/apache/maven/maven-parent/8/maven-parent-8.pom (24 kB at 149 kB/s)
#20 10.02 [INFO] Downloading from central: https://repo.maven.apache.org/maven2/org/apache/maven/maven-artifact/2.0.9/maven-artifact-2.0.9.pom
#20 10.16 [INFO] Downloaded from central: https://repo.maven.apache.org/maven2/org/apache/maven/maven-artifact/2.0.9/maven-artifact-2.0.9.pom (1.6 kB at 12 kB/s)
#20 10.17 [INFO] Downloading from central: https://repo.maven.apache.org/maven2/org/apache/maven/maven-core/2.0.9/maven-core-2.0.9.pom
#20 10.29 [INFO] Downloaded from central: https://repo.maven.apache.org/maven2/org/apache/maven/maven-core/2.0.9/maven-core-2.0.9.pom (7.8 kB at 61 kB/s)
#20 10.30 [INFO] Downloading from central: https://repo.maven.apache.org/maven2/org/apache/maven/maven-settings/2.0.9/maven-settings-2.0.9.pom
#20 10.43 [INFO] Downloaded from central: https://repo.maven.apache.org/maven2/org/apache/maven/maven-settings/2.0.9/maven-settings-2.0.9.pom (2.1 kB at 16 kB/s)
#20 10.44 [INFO] Downloading from central: https://repo.maven.apache.org/maven2/org/apache/maven/maven-model/2.0.9/maven-model-2.0.9.pom
#20 10.57 [INFO] Downloaded from central: https://repo.maven.apache.org/maven2/org/apache/maven/maven-model/2.0.9/maven-model-2.0.9.pom (3.1 kB at 24 kB/s)
#20 10.57 [INFO] Downloading from central: https://repo.maven.apache.org/maven2/org/apache/maven/maven-plugin-parameter-documenter/2.0.9/maven-plugin-parameter-documenter-2.0.9.pom
#20 11.00 [INFO] Downloaded from central: https://repo.maven.apache.org/maven2/org/apache/maven/maven-plugin-parameter-documenter/2.0.9/maven-plugin-parameter-documenter-2.0.9.pom (2.0 kB at 4.6 kB/s)
#20 11.01 [INFO] Downloading from central: https://repo.maven.apache.org/maven2/org/apache/maven/maven-profile/2.0.9/maven-profile-2.0.9.pom
#20 11.15 [INFO] Downloaded from central: https://repo.maven.apache.org/maven2/org/apache/maven/maven-profile/2.0.9/maven-profile-2.0.9.pom (2.0 kB at 15 kB/s)
#20 11.15 [INFO] Downloading from central: https://repo.maven.apache.org/maven2/org/apache/maven/maven-repository-metadata/2.0.9/maven-repository-metadata-2.0.9.pom
#20 11.28 [INFO] Downloaded from central: https://repo.maven.apache.org/maven2/org/apache/maven/maven-repository-metadata/2.0.9/maven-repository-metadata-2.0.9.pom (1.9 kB at 15 kB/s)
#20 11.28 [INFO] Downloading from central: https://repo.maven.apache.org/maven2/org/apache/maven/maven-error-diagnostics/2.0.9/maven-error-diagnostics-2.0.9.pom
#20 11.41 [INFO] Downloaded from central: https://repo.maven.apache.org/maven2/org/apache/maven/maven-error-diagnostics/2.0.9/maven-error-diagnostics-2.0.9.pom (1.7 kB at 14 kB/s)
#20 11.42 [INFO] Downloading from central: https://repo.maven.apache.org/maven2/org/apache/maven/maven-project/2.0.9/maven-project-2.0.9.pom
#20 11.57 [INFO] Downloaded from central: https://repo.maven.apache.org/maven2/org/apache/maven/maven-project/2.0.9/maven-project-2.0.9.pom (2.7 kB at 18 kB/s)
#20 11.57 [INFO] Downloading from central: https://repo.maven.apache.org/maven2/org/apache/maven/maven-artifact-manager/2.0.9/maven-artifact-manager-2.0.9.pom
#20 11.71 [INFO] Downloaded from central: https://repo.maven.apache.org/maven2/org/apache/maven/maven-artifact-manager/2.0.9/maven-artifact-manager-2.0.9.pom (2.7 kB at 20 kB/s)
#20 11.71 [INFO] Downloading from central: https://repo.maven.apache.org/maven2/org/apache/maven/maven-plugin-registry/2.0.9/maven-plugin-registry-2.0.9.pom
#20 11.85 [INFO] Downloaded from central: https://repo.maven.apache.org/maven2/org/apache/maven/maven-plugin-registry/2.0.9/maven-plugin-registry-2.0.9.pom (2.0 kB at 14 kB/s)
#20 11.86 [INFO] Downloading from central: https://repo.maven.apache.org/maven2/org/apache/maven/maven-plugin-descriptor/2.0.9/maven-plugin-descriptor-2.0.9.pom
#20 11.99 [INFO] Downloaded from central: https://repo.maven.apache.org/maven2/org/apache/maven/maven-plugin-descriptor/2.0.9/maven-plugin-descriptor-2.0.9.pom (2.1 kB at 16 kB/s)
#20 11.99 [INFO] Downloading from central: https://repo.maven.apache.org/maven2/org/apache/maven/maven-monitor/2.0.9/maven-monitor-2.0.9.pom
#20 12.12 [INFO] Downloaded from central: https://repo.maven.apache.org/maven2/org/apache/maven/maven-monitor/2.0.9/maven-monitor-2.0.9.pom (1.3 kB at 9.8 kB/s)
#20 12.13 [INFO] Downloading from central: https://repo.maven.apache.org/maven2/org/apache/maven/maven-toolchain/1.0/maven-toolchain-1.0.pom
#20 12.26 [INFO] Downloaded from central: https://repo.maven.apache.org/maven2/org/apache/maven/maven-toolchain/1.0/maven-toolchain-1.0.pom (3.4 kB at 26 kB/s)
#20 12.26 [INFO] Downloading from central: https://repo.maven.apache.org/maven2/org/apache/maven/shared/maven-shared-utils/0.1/maven-shared-utils-0.1.pom
#20 12.40 [INFO] Downloaded from central: https://repo.maven.apache.org/maven2/org/apache/maven/shared/maven-shared-utils/0.1/maven-shared-utils-0.1.pom (4.0 kB at 31 kB/s)
#20 12.40 [INFO] Downloading from central: https://repo.maven.apache.org/maven2/com/google/code/findbugs/jsr305/2.0.1/jsr305-2.0.1.pom
#20 12.53 [INFO] Downloaded from central: https://repo.maven.apache.org/maven2/com/google/code/findbugs/jsr305/2.0.1/jsr305-2.0.1.pom (965 B at 7.4 kB/s)
#20 12.53 [INFO] Downloading from central: https://repo.maven.apache.org/maven2/org/apache/maven/shared/maven-shared-incremental/1.1/maven-shared-incremental-1.1.pom
#20 12.66 [INFO] Downloaded from central: https://repo.maven.apache.org/maven2/org/apache/maven/shared/maven-shared-incremental/1.1/maven-shared-incremental-1.1.pom (4.7 kB at 38 kB/s)
#20 12.66 [INFO] Downloading from central: https://repo.maven.apache.org/maven2/org/apache/maven/shared/maven-shared-components/19/maven-shared-components-19.pom
#20 12.84 [INFO] Downloaded from central: https://repo.maven.apache.org/maven2/org/apache/maven/shared/maven-shared-components/19/maven-shared-components-19.pom (6.4 kB at 36 kB/s)
#20 12.87 [INFO] Downloading from central: https://repo.maven.apache.org/maven2/org/codehaus/plexus/plexus-compiler-api/2.2/plexus-compiler-api-2.2.pom
#20 13.01 [INFO] Downloaded from central: https://repo.maven.apache.org/maven2/org/codehaus/plexus/plexus-compiler-api/2.2/plexus-compiler-api-2.2.pom (865 B at 6.2 kB/s)
#20 13.01 [INFO] Downloading from central: https://repo.maven.apache.org/maven2/org/codehaus/plexus/plexus-compiler/2.2/plexus-compiler-2.2.pom
#20 13.14 [INFO] Downloaded from central: https://repo.maven.apache.org/maven2/org/codehaus/plexus/plexus-compiler/2.2/plexus-compiler-2.2.pom (3.6 kB at 28 kB/s)
#20 13.14 [INFO] Downloading from central: https://repo.maven.apache.org/maven2/org/codehaus/plexus/plexus-components/1.3.1/plexus-components-1.3.1.pom
#20 13.27 [INFO] Downloaded from central: https://repo.maven.apache.org/maven2/org/codehaus/plexus/plexus-components/1.3.1/plexus-components-1.3.1.pom (3.1 kB at 24 kB/s)
#20 13.28 [INFO] Downloading from central: https://repo.maven.apache.org/maven2/org/codehaus/plexus/plexus-compiler-manager/2.2/plexus-compiler-manager-2.2.pom
#20 13.41 [INFO] Downloaded from central: https://repo.maven.apache.org/maven2/org/codehaus/plexus/plexus-compiler-manager/2.2/plexus-compiler-manager-2.2.pom (690 B at 5.4 kB/s)
#20 13.41 [INFO] Downloading from central: https://repo.maven.apache.org/maven2/org/codehaus/plexus/plexus-compiler-javac/2.2/plexus-compiler-javac-2.2.pom
#20 13.56 [INFO] Downloaded from central: https://repo.maven.apache.org/maven2/org/codehaus/plexus/plexus-compiler-javac/2.2/plexus-compiler-javac-2.2.pom (769 B at 5.1 kB/s)
#20 13.57 [INFO] Downloading from central: https://repo.maven.apache.org/maven2/org/codehaus/plexus/plexus-compilers/2.2/plexus-compilers-2.2.pom
#20 13.70 [INFO] Downloaded from central: https://repo.maven.apache.org/maven2/org/codehaus/plexus/plexus-compilers/2.2/plexus-compilers-2.2.pom (1.2 kB at 9.5 kB/s)
#20 13.71 [INFO] Downloading from central: https://repo.maven.apache.org/maven2/org/apache/maven/maven-plugin-api/2.0.9/maven-plugin-api-2.0.9.jar
#20 13.85 [INFO] Downloaded from central: https://repo.maven.apache.org/maven2/org/apache/maven/maven-plugin-api/2.0.9/maven-plugin-api-2.0.9.jar (13 kB at 95 kB/s)
#20 13.85 [INFO] Downloading from central: https://repo.maven.apache.org/maven2/org/apache/maven/maven-artifact/2.0.9/maven-artifact-2.0.9.jar
#20 13.85 [INFO] Downloading from central: https://repo.maven.apache.org/maven2/org/codehaus/plexus/plexus-utils/1.5.1/plexus-utils-1.5.1.jar
#20 13.85 [INFO] Downloading from central: https://repo.maven.apache.org/maven2/org/apache/maven/maven-settings/2.0.9/maven-settings-2.0.9.jar
#20 13.85 [INFO] Downloading from central: https://repo.maven.apache.org/maven2/org/apache/maven/maven-core/2.0.9/maven-core-2.0.9.jar
#20 13.85 [INFO] Downloading from central: https://repo.maven.apache.org/maven2/org/apache/maven/maven-plugin-parameter-documenter/2.0.9/maven-plugin-parameter-documenter-2.0.9.jar
#20 14.01 [INFO] Downloaded from central: https://repo.maven.apache.org/maven2/org/apache/maven/maven-plugin-parameter-documenter/2.0.9/maven-plugin-parameter-documenter-2.0.9.jar (21 kB at 131 kB/s)
#20 14.01 [INFO] Downloading from central: https://repo.maven.apache.org/maven2/org/apache/maven/maven-profile/2.0.9/maven-profile-2.0.9.jar
#20 14.01 [INFO] Downloaded from central: https://repo.maven.apache.org/maven2/org/apache/maven/maven-artifact/2.0.9/maven-artifact-2.0.9.jar (89 kB at 549 kB/s)
#20 14.01 [INFO] Downloading from central: https://repo.maven.apache.org/maven2/org/apache/maven/maven-model/2.0.9/maven-model-2.0.9.jar
#20 14.02 [INFO] Downloaded from central: https://repo.maven.apache.org/maven2/org/apache/maven/maven-settings/2.0.9/maven-settings-2.0.9.jar (49 kB at 282 kB/s)
#20 14.02 [INFO] Downloading from central: https://repo.maven.apache.org/maven2/org/apache/maven/maven-repository-metadata/2.0.9/maven-repository-metadata-2.0.9.jar
#20 14.14 [INFO] Downloaded from central: https://repo.maven.apache.org/maven2/org/codehaus/plexus/plexus-utils/1.5.1/plexus-utils-1.5.1.jar (211 kB at 726 kB/s)
#20 14.14 [INFO] Downloading from central: https://repo.maven.apache.org/maven2/org/apache/maven/maven-error-diagnostics/2.0.9/maven-error-diagnostics-2.0.9.jar
#20 14.15 [INFO] Downloaded from central: https://repo.maven.apache.org/maven2/org/apache/maven/maven-profile/2.0.9/maven-profile-2.0.9.jar (35 kB at 120 kB/s)
#20 14.15 [INFO] Downloading from central: https://repo.maven.apache.org/maven2/org/apache/maven/maven-project/2.0.9/maven-project-2.0.9.jar
#20 14.15 [INFO] Downloaded from central: https://repo.maven.apache.org/maven2/org/apache/maven/maven-core/2.0.9/maven-core-2.0.9.jar (160 kB at 532 kB/s)
#20 14.15 [INFO] Downloading from central: https://repo.maven.apache.org/maven2/org/apache/maven/maven-plugin-registry/2.0.9/maven-plugin-registry-2.0.9.jar
#20 14.17 [INFO] Downloaded from central: https://repo.maven.apache.org/maven2/org/apache/maven/maven-repository-metadata/2.0.9/maven-repository-metadata-2.0.9.jar (25 kB at 78 kB/s)
#20 14.17 [INFO] Downloading from central: https://repo.maven.apache.org/maven2/org/apache/maven/maven-plugin-descriptor/2.0.9/maven-plugin-descriptor-2.0.9.jar
#20 14.18 [INFO] Downloaded from central: https://repo.maven.apache.org/maven2/org/apache/maven/maven-model/2.0.9/maven-model-2.0.9.jar (87 kB at 263 kB/s)
#20 14.18 [INFO] Downloading from central: https://repo.maven.apache.org/maven2/org/apache/maven/maven-artifact-manager/2.0.9/maven-artifact-manager-2.0.9.jar
#20 14.27 [INFO] Downloaded from central: https://repo.maven.apache.org/maven2/org/apache/maven/maven-error-diagnostics/2.0.9/maven-error-diagnostics-2.0.9.jar (14 kB at 33 kB/s)
#20 14.27 [INFO] Downloading from central: https://repo.maven.apache.org/maven2/org/apache/maven/maven-monitor/2.0.9/maven-monitor-2.0.9.jar
#20 14.27 [INFO] Downloaded from central: https://repo.maven.apache.org/maven2/org/apache/maven/maven-plugin-registry/2.0.9/maven-plugin-registry-2.0.9.jar (29 kB at 69 kB/s)
#20 14.27 [INFO] Downloading from central: https://repo.maven.apache.org/maven2/org/apache/maven/maven-toolchain/1.0/maven-toolchain-1.0.jar
#20 14.33 [INFO] Downloaded from central: https://repo.maven.apache.org/maven2/org/apache/maven/maven-project/2.0.9/maven-project-2.0.9.jar (122 kB at 256 kB/s)
#20 14.33 [INFO] Downloading from central: https://repo.maven.apache.org/maven2/org/apache/maven/shared/maven-shared-utils/0.1/maven-shared-utils-0.1.jar
#20 14.34 [INFO] Downloaded from central: https://repo.maven.apache.org/maven2/org/apache/maven/maven-artifact-manager/2.0.9/maven-artifact-manager-2.0.9.jar (58 kB at 119 kB/s)
#20 14.34 [INFO] Downloading from central: https://repo.maven.apache.org/maven2/com/google/code/findbugs/jsr305/2.0.1/jsr305-2.0.1.jar
#20 14.41 [INFO] Downloaded from central: https://repo.maven.apache.org/maven2/org/apache/maven/maven-monitor/2.0.9/maven-monitor-2.0.9.jar (10 kB at 19 kB/s)
#20 14.41 [INFO] Downloading from central: https://repo.maven.apache.org/maven2/org/apache/maven/shared/maven-shared-incremental/1.1/maven-shared-incremental-1.1.jar
#20 14.41 [INFO] Downloaded from central: https://repo.maven.apache.org/maven2/org/apache/maven/maven-toolchain/1.0/maven-toolchain-1.0.jar (33 kB at 59 kB/s)
#20 14.41 [INFO] Downloading from central: https://repo.maven.apache.org/maven2/org/codehaus/plexus/plexus-compiler-api/2.2/plexus-compiler-api-2.2.jar
#20 14.50 [INFO] Downloaded from central: https://repo.maven.apache.org/maven2/com/google/code/findbugs/jsr305/2.0.1/jsr305-2.0.1.jar (32 kB at 49 kB/s)
#20 14.51 [INFO] Downloading from central: https://repo.maven.apache.org/maven2/org/codehaus/plexus/plexus-compiler-manager/2.2/plexus-compiler-manager-2.2.jar
#20 14.53 [INFO] Downloaded from central: https://repo.maven.apache.org/maven2/org/apache/maven/shared/maven-shared-incremental/1.1/maven-shared-incremental-1.1.jar (14 kB at 20 kB/s)
#20 14.53 [INFO] Downloading from central: https://repo.maven.apache.org/maven2/org/codehaus/plexus/plexus-compiler-javac/2.2/plexus-compiler-javac-2.2.jar
#20 14.53 [INFO] Downloaded from central: https://repo.maven.apache.org/maven2/org/codehaus/plexus/plexus-compiler-api/2.2/plexus-compiler-api-2.2.jar (25 kB at 37 kB/s)
#20 14.53 [INFO] Downloading from central: https://repo.maven.apache.org/maven2/org/codehaus/plexus/plexus-container-default/1.5.5/plexus-container-default-1.5.5.jar
#20 14.54 [INFO] Downloaded from central: https://repo.maven.apache.org/maven2/org/apache/maven/shared/maven-shared-utils/0.1/maven-shared-utils-0.1.jar (155 kB at 225 kB/s)
#20 14.54 [INFO] Downloading from central: https://repo.maven.apache.org/maven2/org/codehaus/plexus/plexus-classworlds/2.2.2/plexus-classworlds-2.2.2.jar
#20 14.63 [INFO] Downloaded from central: https://repo.maven.apache.org/maven2/org/apache/maven/maven-plugin-descriptor/2.0.9/maven-plugin-descriptor-2.0.9.jar (37 kB at 48 kB/s)
#20 14.63 [INFO] Downloading from central: https://repo.maven.apache.org/maven2/org/apache/xbean/xbean-reflect/3.4/xbean-reflect-3.4.jar
#20 14.63 [INFO] Downloaded from central: https://repo.maven.apache.org/maven2/org/codehaus/plexus/plexus-compiler-manager/2.2/plexus-compiler-manager-2.2.jar (4.6 kB at 5.8 kB/s)
#20 14.63 [INFO] Downloading from central: https://repo.maven.apache.org/maven2/log4j/log4j/1.2.12/log4j-1.2.12.jar
#20 14.66 [INFO] Downloaded from central: https://repo.maven.apache.org/maven2/org/codehaus/plexus/plexus-compiler-javac/2.2/plexus-compiler-javac-2.2.jar (19 kB at 24 kB/s)
#20 14.66 [INFO] Downloading from central: https://repo.maven.apache.org/maven2/commons-logging/commons-logging-api/1.1/commons-logging-api-1.1.jar
#20 14.69 [INFO] Downloaded from central: https://repo.maven.apache.org/maven2/org/codehaus/plexus/plexus-classworlds/2.2.2/plexus-classworlds-2.2.2.jar (46 kB at 55 kB/s)
#20 14.69 [INFO] Downloading from central: https://repo.maven.apache.org/maven2/com/google/collections/google-collections/1.0/google-collections-1.0.jar
#20 14.70 [INFO] Downloaded from central: https://repo.maven.apache.org/maven2/org/codehaus/plexus/plexus-container-default/1.5.5/plexus-container-default-1.5.5.jar (217 kB at 256 kB/s)
#20 14.70 [INFO] Downloading from central: https://repo.maven.apache.org/maven2/junit/junit/3.8.2/junit-3.8.2.jar
#20 14.84 [INFO] Downloaded from central: https://repo.maven.apache.org/maven2/commons-logging/commons-logging-api/1.1/commons-logging-api-1.1.jar (45 kB at 45 kB/s)
#20 14.85 [INFO] Downloaded from central: https://repo.maven.apache.org/maven2/org/apache/xbean/xbean-reflect/3.4/xbean-reflect-3.4.jar (134 kB at 134 kB/s)
#20 14.85 [INFO] Downloaded from central: https://repo.maven.apache.org/maven2/junit/junit/3.8.2/junit-3.8.2.jar (121 kB at 121 kB/s)
#20 15.02 [INFO] Downloaded from central: https://repo.maven.apache.org/maven2/log4j/log4j/1.2.12/log4j-1.2.12.jar (358 kB at 307 kB/s)
#20 15.08 [INFO] Downloaded from central: https://repo.maven.apache.org/maven2/com/google/collections/google-collections/1.0/google-collections-1.0.jar (640 kB at 518 kB/s)
#20 15.16 [INFO] Changes detected - recompiling the module!
#20 15.16 [INFO] Compiling 26 source files to /usr/src/atsea/target/classes
#20 15.68 [INFO] -------------------------------------------------------------
#20 15.68 [ERROR] COMPILATION ERROR : 
#20 15.68 [INFO] -------------------------------------------------------------
#20 15.69 [ERROR] error reading /usr/share/maven/ref/repository/org/aspectj/aspectjweaver/1.8.10/aspectjweaver-1.8.10.jar; Invalid CEN header (invalid zip64 extra data field size)
#20 15.69 [ERROR] /usr/src/atsea/src/main/java/com/docker/atsea/model/Product.java:[1,1] cannot access com.docker.atsea.model
#20 15.69   ZipException opening "aspectjweaver-1.8.10.jar": Invalid CEN header (invalid zip64 extra data field size)
#20 15.69 [ERROR] /usr/src/atsea/src/main/java/com/docker/atsea/repositories/CustomerRepository.java:[1,1] cannot access com.docker.atsea.repositories
#20 15.69   ZipException opening "aspectjweaver-1.8.10.jar": Invalid CEN header (invalid zip64 extra data field size)
#20 15.69 [ERROR] /usr/src/atsea/src/main/java/com/docker/atsea/controller/PurchaseController.java:[1,1] cannot access com.docker.atsea.controller
#20 15.69   ZipException opening "aspectjweaver-1.8.10.jar": Invalid CEN header (invalid zip64 extra data field size)
#20 15.69 [ERROR] /usr/src/atsea/src/main/java/com/docker/atsea/security/JwtFilter.java:[1,1] cannot access com.docker.atsea.security
#20 15.69   ZipException opening "aspectjweaver-1.8.10.jar": Invalid CEN header (invalid zip64 extra data field size)
#20 15.69 [ERROR] /usr/src/atsea/src/main/java/com/docker/atsea/util/CustomErrorType.java:[1,1] cannot access com.docker.atsea.util
#20 15.69   ZipException opening "aspectjweaver-1.8.10.jar": Invalid CEN header (invalid zip64 extra data field size)
#20 15.69 [ERROR] /usr/src/atsea/src/main/java/com/docker/atsea/service/OrderServiceImpl.java:[1,1] cannot access com.docker.atsea.service
#20 15.69   ZipException opening "aspectjweaver-1.8.10.jar": Invalid CEN header (invalid zip64 extra data field size)
#20 15.69 [ERROR] /usr/src/atsea/src/main/java/com/docker/atsea/configuration/WebConfiguration.java:[1,1] cannot access com.docker.atsea.configuration
#20 15.69   ZipException opening "aspectjweaver-1.8.10.jar": Invalid CEN header (invalid zip64 extra data field size)
#20 15.69 [ERROR] /usr/src/atsea/src/main/java/com/docker/atsea/AtSeaApp.java:[1,1] cannot access com.docker.atsea
#20 15.69   ZipException opening "aspectjweaver-1.8.10.jar": Invalid CEN header (invalid zip64 extra data field size)
#20 15.69 [ERROR] /usr/src/atsea/src/main/java/com/docker/atsea/controller/OrderController.java:[25,8] cannot access java.lang
#20 15.69   ZipException opening "aspectjweaver-1.8.10.jar": Invalid CEN header (invalid zip64 extra data field size)
#20 15.69 [ERROR] /usr/src/atsea/src/main/java/com/docker/atsea/controller/OrderController.java:[23,2] cannot find symbol
#20 15.69   symbol: class RestController
#20 15.69 [ERROR] /usr/src/atsea/src/main/java/com/docker/atsea/controller/OrderController.java:[24,2] cannot find symbol
#20 15.69   symbol: class RequestMapping
#20 15.69 [ERROR] /usr/src/atsea/src/main/java/com/docker/atsea/controller/OrderController.java:[27,29] cannot find symbol
#20 15.69   symbol:   class Logger
#20 15.69   location: class com.docker.atsea.controller.OrderController
#20 15.69 [ERROR] /usr/src/atsea/src/main/java/com/docker/atsea/controller/OrderController.java:[30,9] cannot find symbol
#20 15.69   symbol:   class OrderService
#20 15.69   location: class com.docker.atsea.controller.OrderController
#20 15.69 [ERROR] /usr/src/atsea/src/main/java/com/docker/atsea/controller/OrderController.java:[39,59] cannot find symbol
#20 15.69   symbol:   class Order
#20 15.69   location: class com.docker.atsea.controller.OrderController
#20 15.69 [ERROR] /usr/src/atsea/src/main/java/com/docker/atsea/controller/OrderController.java:[39,72] cannot find symbol
#20 15.69   symbol:   class UriComponentsBuilder
#20 15.69   location: class com.docker.atsea.controller.OrderController
#20 15.69 [ERROR] /usr/src/atsea/src/main/java/com/docker/atsea/controller/OrderController.java:[39,16] cannot find symbol
#20 15.69   symbol:   class ResponseEntity
#20 15.69   location: class com.docker.atsea.controller.OrderController
#20 15.69 [ERROR] /usr/src/atsea/src/main/java/com/docker/atsea/controller/OrderController.java:[63,16] cannot find symbol
#20 15.69   symbol:   class ResponseEntity
#20 15.69   location: class com.docker.atsea.controller.OrderController
#20 15.69 [ERROR] /usr/src/atsea/src/main/java/com/docker/atsea/controller/OrderController.java:[80,16] cannot find symbol
#20 15.69   symbol:   class ResponseEntity
#20 15.69   location: class com.docker.atsea.controller.OrderController
#20 15.69 [ERROR] /usr/src/atsea/src/main/java/com/docker/atsea/controller/OrderController.java:[80,31] cannot find symbol
#20 15.69   symbol:   class List
#20 15.69   location: class com.docker.atsea.controller.OrderController
#20 15.69 [ERROR] /usr/src/atsea/src/main/java/com/docker/atsea/controller/OrderController.java:[80,36] cannot find symbol
#20 15.69   symbol:   class Order
#20 15.69   location: class com.docker.atsea.controller.OrderController
#20 15.69 [ERROR] /usr/src/atsea/src/main/java/com/docker/atsea/controller/OrderController.java:[93,16] cannot find symbol
#20 15.69   symbol:   class ResponseEntity
#20 15.69   location: class com.docker.atsea.controller.OrderController
#20 15.69 [ERROR] /usr/src/atsea/src/main/java/com/docker/atsea/controller/OrderController.java:[107,98] cannot find symbol
#20 15.69   symbol:   class Order
#20 15.69   location: class com.docker.atsea.controller.OrderController
#20 15.69 [ERROR] /usr/src/atsea/src/main/java/com/docker/atsea/controller/OrderController.java:[107,16] cannot find symbol
#20 15.69   symbol:   class ResponseEntity
#20 15.69   location: class com.docker.atsea.controller.OrderController
#20 15.69 [ERROR] /usr/src/atsea/src/main/java/com/docker/atsea/controller/ProductController.java:[21,8] cannot access com.docker
#20 15.69   ZipException opening "aspectjweaver-1.8.10.jar": Invalid CEN header (invalid zip64 extra data field size)
#20 15.69 [ERROR] /usr/src/atsea/src/main/java/com/docker/atsea/controller/ProductController.java:[19,2] cannot find symbol
#20 15.69   symbol: class RestController
#20 15.69 [ERROR] /usr/src/atsea/src/main/java/com/docker/atsea/controller/ProductController.java:[20,2] cannot find symbol
#20 15.69   symbol: class RequestMapping
#20 15.69 [ERROR] /usr/src/atsea/src/main/java/com/docker/atsea/controller/ProductController.java:[22,29] cannot find symbol
#20 15.69   symbol:   class Logger
#20 15.69   location: class com.docker.atsea.controller.ProductController
#20 15.70 [ERROR] /usr/src/atsea/src/main/java/com/docker/atsea/controller/ProductController.java:[25,9] cannot find symbol
#20 15.70   symbol:   class ProductService
#20 15.70   location: class com.docker.atsea.controller.ProductController
#20 15.70 [ERROR] /usr/src/atsea/src/main/java/com/docker/atsea/controller/ProductController.java:[35,16] cannot find symbol
#20 15.70   symbol:   class ResponseEntity
#20 15.70   location: class com.docker.atsea.controller.ProductController
#20 15.70 [ERROR] /usr/src/atsea/src/main/java/com/docker/atsea/controller/ProductController.java:[35,31] cannot find symbol
#20 15.70   symbol:   class List
#20 15.70   location: class com.docker.atsea.controller.ProductController
#20 15.70 [ERROR] /usr/src/atsea/src/main/java/com/docker/atsea/controller/ProductController.java:[35,36] cannot find symbol
#20 15.70   symbol:   class Product
#20 15.70   location: class com.docker.atsea.controller.ProductController
#20 15.70 [ERROR] /usr/src/atsea/src/main/java/com/docker/atsea/controller/ProductController.java:[47,16] cannot find symbol
#20 15.70   symbol:   class ResponseEntity
#20 15.70   location: class com.docker.atsea.controller.ProductController
#20 15.70 [ERROR] /usr/src/atsea/src/main/java/com/docker/atsea/configuration/BeanConfiguration.java:[14,8] cannot access com
#20 15.70   ZipException opening "aspectjweaver-1.8.10.jar": Invalid CEN header (invalid zip64 extra data field size)
#20 15.70 [ERROR] /usr/src/atsea/src/main/java/com/docker/atsea/configuration/BeanConfiguration.java:[17,16] cannot find symbol
#20 15.70   symbol:   class CustomerService
#20 15.70   location: class com.docker.atsea.configuration.BeanConfiguration
#20 15.70 [ERROR] /usr/src/atsea/src/main/java/com/docker/atsea/configuration/BeanConfiguration.java:[22,16] cannot find symbol
#20 15.70   symbol:   class OrderService
#20 15.70   location: class com.docker.atsea.configuration.BeanConfiguration
#20 15.70 [ERROR] /usr/src/atsea/src/main/java/com/docker/atsea/configuration/BeanConfiguration.java:[27,16] cannot find symbol
#20 15.70   symbol:   class ProductService
#20 15.70   location: class com.docker.atsea.configuration.BeanConfiguration
#20 15.70 [ERROR] /usr/src/atsea/src/main/java/com/docker/atsea/configuration/BeanConfiguration.java:[34,16] cannot find symbol
#20 15.70   symbol:   class ComboPooledDataSource
#20 15.70   location: class com.docker.atsea.configuration.BeanConfiguration
#20 15.70 [ERROR] /usr/src/atsea/src/main/java/com/docker/atsea/repositories/ProductRepository.java:[3,8] cannot access org
#20 15.70   ZipException opening "aspectjweaver-1.8.10.jar": Invalid CEN header (invalid zip64 extra data field size)
#20 15.70 [ERROR] /usr/src/atsea/src/main/java/com/docker/atsea/repositories/ProductRepository.java:[3,11] cannot access org.springframework
#20 15.70   ZipException opening "aspectjweaver-1.8.10.jar": Invalid CEN header (invalid zip64 extra data field size)
#20 15.70 [ERROR] /usr/src/atsea/src/main/java/com/docker/atsea/repositories/ProductRepository.java:[3,47] import requires canonical name for <any>.data.jpa.repository.JpaRepository
#20 15.70 [ERROR] /usr/src/atsea/src/main/java/com/docker/atsea/repositories/ProductRepository.java:[4,27] cannot access org.springframework.stereotype
#20 15.70   ZipException opening "aspectjweaver-1.8.10.jar": Invalid CEN header (invalid zip64 extra data field size)
#20 15.70 [ERROR] /usr/src/atsea/src/main/java/com/docker/atsea/repositories/ProductRepository.java:[4,38] package org.springframework.stereotype does not exist
#20 15.70 [ERROR] /usr/src/atsea/src/main/java/com/docker/atsea/repositories/ProductRepository.java:[5,27] cannot access org.springframework.transaction
#20 15.70   ZipException opening "aspectjweaver-1.8.10.jar": Invalid CEN header (invalid zip64 extra data field size)
#20 15.70 [ERROR] /usr/src/atsea/src/main/java/com/docker/atsea/repositories/ProductRepository.java:[5,39] cannot access org.springframework.transaction.annotation
#20 15.70   ZipException opening "aspectjweaver-1.8.10.jar": Invalid CEN header (invalid zip64 extra data field size)
#20 15.70 [ERROR] /usr/src/atsea/src/main/java/com/docker/atsea/repositories/ProductRepository.java:[5,50] import requires canonical name for <any>.Transactional
#20 15.70 [ERROR] /usr/src/atsea/src/main/java/com/docker/atsea/repositories/ProductRepository.java:[7,30] cannot find symbol
#20 15.70   symbol:   class Product
#20 15.70   location: package com.docker.atsea.model
#20 15.70 [ERROR] /usr/src/atsea/src/main/java/com/docker/atsea/repositories/ProductRepository.java:[11,44] cannot find symbol
#20 15.70   symbol: class JpaRepository
#20 15.70 [ERROR] /usr/src/atsea/src/main/java/com/docker/atsea/repositories/ProductRepository.java:[9,2] cannot find symbol
#20 15.70   symbol: class Repository
#20 15.70 [ERROR] /usr/src/atsea/src/main/java/com/docker/atsea/repositories/ProductRepository.java:[10,2] cannot find symbol
#20 15.70   symbol: class Transactional
#20 15.70 [ERROR] /usr/src/atsea/src/main/java/com/docker/atsea/repositories/ProductRepository.java:[11,58] cannot find symbol
#20 15.70   symbol: class Product
#20 15.70 [ERROR] /usr/src/atsea/src/main/java/com/docker/atsea/repositories/ProductRepository.java:[11,67] cannot find symbol
#20 15.70   symbol: class Long
#20 15.70 [ERROR] /usr/src/atsea/src/main/java/com/docker/atsea/repositories/ProductRepository.java:[13,9] cannot find symbol
#20 15.70   symbol:   class Product
#20 15.70   location: interface com.docker.atsea.repositories.ProductRepository
#20 15.70 [ERROR] /usr/src/atsea/src/main/java/com/docker/atsea/controller/UtilityController.java:[3,11] cannot access org.json
#20 15.70   ZipException opening "aspectjweaver-1.8.10.jar": Invalid CEN header (invalid zip64 extra data field size)
#20 15.70 [ERROR] /usr/src/atsea/src/main/java/com/docker/atsea/controller/UtilityController.java:[3,16] cannot access org.json.simple
#20 15.70   ZipException opening "aspectjweaver-1.8.10.jar": Invalid CEN header (invalid zip64 extra data field size)
#20 15.70 [ERROR] /usr/src/atsea/src/main/java/com/docker/atsea/controller/UtilityController.java:[3,23] import requires canonical name for <any>.JSONObject
#20 15.70 [ERROR] /usr/src/atsea/src/main/java/com/docker/atsea/controller/UtilityController.java:[4,27] cannot access org.springframework.beans
#20 15.70   ZipException opening "aspectjweaver-1.8.10.jar": Invalid CEN header (invalid zip64 extra data field size)
#20 15.70 [ERROR] /usr/src/atsea/src/main/java/com/docker/atsea/controller/UtilityController.java:[4,33] cannot access org.springframework.beans.factory
#20 15.70   ZipException opening "aspectjweaver-1.8.10.jar": Invalid CEN header (invalid zip64 extra data field size)
#20 15.70 [ERROR] /usr/src/atsea/src/main/java/com/docker/atsea/controller/UtilityController.java:[4,52] import requires canonical name for <any>.annotation.Autowired
#20 15.70 [ERROR] /usr/src/atsea/src/main/java/com/docker/atsea/controller/UtilityController.java:[5,27] cannot access org.springframework.http
#20 15.70   ZipException opening "aspectjweaver-1.8.10.jar": Invalid CEN header (invalid zip64 extra data field size)
#20 15.70 [ERROR] /usr/src/atsea/src/main/java/com/docker/atsea/controller/UtilityController.java:[5,32] package org.springframework.http does not exist
#20 15.70 [ERROR] /usr/src/atsea/src/main/java/com/docker/atsea/controller/UtilityController.java:[6,32] package org.springframework.http does not exist
#20 15.70 [ERROR] /usr/src/atsea/src/main/java/com/docker/atsea/controller/UtilityController.java:[7,27] cannot access org.springframework.web
#20 15.70   ZipException opening "aspectjweaver-1.8.10.jar": Invalid CEN header (invalid zip64 extra data field size)
#20 15.70 [ERROR] /usr/src/atsea/src/main/java/com/docker/atsea/controller/UtilityController.java:[7,31] cannot access org.springframework.web.bind
#20 15.70   ZipException opening "aspectjweaver-1.8.10.jar": Invalid CEN header (invalid zip64 extra data field size)
#20 15.70 [ERROR] /usr/src/atsea/src/main/java/com/docker/atsea/controller/UtilityController.java:[7,47] import requires canonical name for <any>.annotation.RequestMapping
#20 15.70 [ERROR] /usr/src/atsea/src/main/java/com/docker/atsea/controller/UtilityController.java:[8,36] cannot access org.springframework.web.bind.annotation
#20 15.70   ZipException opening "aspectjweaver-1.8.10.jar": Invalid CEN header (invalid zip64 extra data field size)
#20 15.70 [ERROR] /usr/src/atsea/src/main/java/com/docker/atsea/controller/UtilityController.java:[8,47] package org.springframework.web.bind.annotation does not exist
#20 15.70 [ERROR] /usr/src/atsea/src/main/java/com/docker/atsea/controller/UtilityController.java:[9,47] package org.springframework.web.bind.annotation does not exist
#20 15.70 [ERROR] /usr/src/atsea/src/main/java/com/docker/atsea/controller/UtilityController.java:[11,29] cannot find symbol
#20 15.70   symbol:   class CustomErrorType
#20 15.70   location: package com.docker.atsea.util
#20 15.70 [ERROR] /usr/src/atsea/src/main/java/com/docker/atsea/controller/UtilityController.java:[13,27] cannot access org.springframework.jdbc
#20 15.70   ZipException opening "aspectjweaver-1.8.10.jar": Invalid CEN header (invalid zip64 extra data field size)
#20 15.70 [ERROR] /usr/src/atsea/src/main/java/com/docker/atsea/controller/UtilityController.java:[13,32] cannot access org.springframework.jdbc.core
#20 15.70   ZipException opening "aspectjweaver-1.8.10.jar": Invalid CEN header (invalid zip64 extra data field size)
#20 15.70 [ERROR] /usr/src/atsea/src/main/java/com/docker/atsea/controller/UtilityController.java:[13,37] import requires canonical name for <any>.JdbcTemplate
#20 15.70 [ERROR] /usr/src/atsea/src/main/java/com/docker/atsea/controller/UtilityController.java:[14,11] cannot access org.slf4j
#20 15.70   ZipException opening "aspectjweaver-1.8.10.jar": Invalid CEN header (invalid zip64 extra data field size)
#20 15.70 [ERROR] /usr/src/atsea/src/main/java/com/docker/atsea/controller/UtilityController.java:[14,17] package org.slf4j does not exist
#20 15.70 [ERROR] /usr/src/atsea/src/main/java/com/docker/atsea/controller/UtilityController.java:[15,17] package org.slf4j does not exist
#20 15.70 [ERROR] /usr/src/atsea/src/main/java/com/docker/atsea/controller/UtilityController.java:[17,8] cannot access java
#20 15.70   ZipException opening "aspectjweaver-1.8.10.jar": Invalid CEN header (invalid zip64 extra data field size)
#20 15.70 [ERROR] /usr/src/atsea/src/main/java/com/docker/atsea/controller/UtilityController.java:[17,12] cannot access java.net
#20 15.70   ZipException opening "aspectjweaver-1.8.10.jar": Invalid CEN header (invalid zip64 extra data field size)
#20 15.70 [ERROR] /usr/src/atsea/src/main/java/com/docker/atsea/controller/UtilityController.java:[17,16] import requires canonical name for <any>.InetAddress
#20 15.70 [ERROR] /usr/src/atsea/src/main/java/com/docker/atsea/controller/UtilityController.java:[21,2] cannot find symbol
#20 15.70   symbol: class RestController
#20 15.70 [ERROR] /usr/src/atsea/src/main/java/com/docker/atsea/controller/UtilityController.java:[22,2] cannot find symbol
#20 15.70   symbol: class RequestMapping
#20 15.70 [ERROR] /usr/src/atsea/src/main/java/com/docker/atsea/controller/UtilityController.java:[25,29] cannot find symbol
#20 15.70   symbol:   class Logger
#20 15.70   location: class com.docker.atsea.controller.UtilityController
#20 15.70 [ERROR] /usr/src/atsea/src/main/java/com/docker/atsea/controller/UtilityController.java:[28,9] cannot find symbol
#20 15.70   symbol:   class JdbcTemplate
#20 15.70   location: class com.docker.atsea.controller.UtilityController
#20 15.70 [ERROR] /usr/src/atsea/src/main/java/com/docker/atsea/controller/UtilityController.java:[34,12] cannot find symbol
#20 15.70   symbol:   class ResponseEntity
#20 15.70   location: class com.docker.atsea.controller.UtilityController
#20 15.70 [ERROR] /usr/src/atsea/src/main/java/com/docker/atsea/controller/UtilityController.java:[53,16] cannot find symbol
#20 15.70   symbol:   class ResponseEntity
#20 15.70   location: class com.docker.atsea.controller.UtilityController
#20 15.70 [ERROR] /usr/src/atsea/src/main/java/com/docker/atsea/configuration/JpaConfiguration.java:[3,12] cannot access java.util
#20 15.70   ZipException opening "aspectjweaver-1.8.10.jar": Invalid CEN header (invalid zip64 extra data field size)
#20 15.70 [ERROR] /usr/src/atsea/src/main/java/com/docker/atsea/configuration/JpaConfiguration.java:[4,12] cannot access java.io
#20 15.70   ZipException opening "aspectjweaver-1.8.10.jar": Invalid CEN header (invalid zip64 extra data field size)
#20 15.70 [ERROR] /usr/src/atsea/src/main/java/com/docker/atsea/configuration/JpaConfiguration.java:[8,8] cannot access javax
#20 15.70   ZipException opening "aspectjweaver-1.8.10.jar": Invalid CEN header (invalid zip64 extra data field size)
#20 15.70 [ERROR] /usr/src/atsea/src/main/java/com/docker/atsea/configuration/JpaConfiguration.java:[8,13] cannot access javax.naming
#20 15.70   ZipException opening "aspectjweaver-1.8.10.jar": Invalid CEN header (invalid zip64 extra data field size)
#20 15.70 [ERROR] /usr/src/atsea/src/main/java/com/docker/atsea/configuration/JpaConfiguration.java:[8,20] import requires canonical name for <any>.NamingException
#20 15.70 [ERROR] /usr/src/atsea/src/main/java/com/docker/atsea/configuration/JpaConfiguration.java:[9,13] cannot access javax.persistence
#20 15.70   ZipException opening "aspectjweaver-1.8.10.jar": Invalid CEN header (invalid zip64 extra data field size)
#20 15.70 [ERROR] /usr/src/atsea/src/main/java/com/docker/atsea/configuration/JpaConfiguration.java:[9,25] package javax.persistence does not exist
#20 15.70 [ERROR] /usr/src/atsea/src/main/java/com/docker/atsea/configuration/JpaConfiguration.java:[10,13] cannot access javax.sql
#20 15.70   ZipException opening "aspectjweaver-1.8.10.jar": Invalid CEN header (invalid zip64 extra data field size)
#20 15.70 [ERROR] /usr/src/atsea/src/main/java/com/docker/atsea/configuration/JpaConfiguration.java:[12,11] cannot access org.apache
#20 15.70   ZipException opening "aspectjweaver-1.8.10.jar": Invalid CEN header (invalid zip64 extra data field size)
#20 15.70 [ERROR] /usr/src/atsea/src/main/java/com/docker/atsea/configuration/JpaConfiguration.java:[12,18] cannot access org.apache.commons
#20 15.70   ZipException opening "aspectjweaver-1.8.10.jar": Invalid CEN header (invalid zip64 extra data field size)
#20 15.70 [ERROR] /usr/src/atsea/src/main/java/com/docker/atsea/configuration/JpaConfiguration.java:[12,32] import requires canonical name for <any>.lang3.StringUtils
#20 15.70 [ERROR] /usr/src/atsea/src/main/java/com/docker/atsea/configuration/JpaConfiguration.java:[13,41] cannot access org.springframework.beans.factory.annotation
#20 15.70   ZipException opening "aspectjweaver-1.8.10.jar": Invalid CEN header (invalid zip64 extra data field size)
#20 15.70 [ERROR] /usr/src/atsea/src/main/java/com/docker/atsea/configuration/JpaConfiguration.java:[13,52] package org.springframework.beans.factory.annotation does not exist
#20 15.70 [ERROR] /usr/src/atsea/src/main/java/com/docker/atsea/configuration/JpaConfiguration.java:[14,27] cannot access org.springframework.boot
#20 15.70   ZipException opening "aspectjweaver-1.8.10.jar": Invalid CEN header (invalid zip64 extra data field size)
#20 15.70 [ERROR] /usr/src/atsea/src/main/java/com/docker/atsea/configuration/JpaConfiguration.java:[14,32] cannot access org.springframework.boot.autoconfigure
#20 15.70   ZipException opening "aspectjweaver-1.8.10.jar": Invalid CEN header (invalid zip64 extra data field size)
#20 15.70 [ERROR] /usr/src/atsea/src/main/java/com/docker/atsea/configuration/JpaConfiguration.java:[14,51] import requires canonical name for <any>.jdbc.DataSourceBuilder
#20 15.70 [ERROR] /usr/src/atsea/src/main/java/com/docker/atsea/configuration/JpaConfiguration.java:[15,46] cannot access org.springframework.boot.autoconfigure.jdbc
#20 15.70   ZipException opening "aspectjweaver-1.8.10.jar": Invalid CEN header (invalid zip64 extra data field size)
#20 15.70 [INFO] 101 errors 
#20 15.70 [INFO] -------------------------------------------------------------
#20 15.70 [INFO] ------------------------------------------------------------------------
#20 15.70 [INFO] BUILD FAILURE
#20 15.70 [INFO] ------------------------------------------------------------------------
#20 15.70 [INFO] Total time:  14.424 s
#20 15.70 [INFO] Finished at: 2026-07-26T23:50:17Z
#20 15.70 [INFO] ------------------------------------------------------------------------
#20 15.70 [ERROR] Failed to execute goal org.apache.maven.plugins:maven-compiler-plugin:3.1:compile (default-compile) on project AtSea: Compilation failure: Compilation failure: 
#20 15.70 [ERROR] error reading /usr/share/maven/ref/repository/org/aspectj/aspectjweaver/1.8.10/aspectjweaver-1.8.10.jar; Invalid CEN header (invalid zip64 extra data field size)
#20 15.70 [ERROR] /usr/src/atsea/src/main/java/com/docker/atsea/model/Product.java:[1,1] cannot access com.docker.atsea.model
#20 15.70 [ERROR]   ZipException opening "aspectjweaver-1.8.10.jar": Invalid CEN header (invalid zip64 extra data field size)
#20 15.70 [ERROR] /usr/src/atsea/src/main/java/com/docker/atsea/repositories/CustomerRepository.java:[1,1] cannot access com.docker.atsea.repositories
#20 15.70 [ERROR]   ZipException opening "aspectjweaver-1.8.10.jar": Invalid CEN header (invalid zip64 extra data field size)
#20 15.70 [ERROR] /usr/src/atsea/src/main/java/com/docker/atsea/controller/PurchaseController.java:[1,1] cannot access com.docker.atsea.controller
#20 15.70 [ERROR]   ZipException opening "aspectjweaver-1.8.10.jar": Invalid CEN header (invalid zip64 extra data field size)
#20 15.70 [ERROR] /usr/src/atsea/src/main/java/com/docker/atsea/security/JwtFilter.java:[1,1] cannot access com.docker.atsea.security
#20 15.70 [ERROR]   ZipException opening "aspectjweaver-1.8.10.jar": Invalid CEN header (invalid zip64 extra data field size)
#20 15.70 [ERROR] /usr/src/atsea/src/main/java/com/docker/atsea/util/CustomErrorType.java:[1,1] cannot access com.docker.atsea.util
#20 15.70 [ERROR]   ZipException opening "aspectjweaver-1.8.10.jar": Invalid CEN header (invalid zip64 extra data field size)
#20 15.70 [ERROR] /usr/src/atsea/src/main/java/com/docker/atsea/service/OrderServiceImpl.java:[1,1] cannot access com.docker.atsea.service
#20 15.70 [ERROR]   ZipException opening "aspectjweaver-1.8.10.jar": Invalid CEN header (invalid zip64 extra data field size)
#20 15.70 [ERROR] /usr/src/atsea/src/main/java/com/docker/atsea/configuration/WebConfiguration.java:[1,1] cannot access com.docker.atsea.configuration
#20 15.70 [ERROR]   ZipException opening "aspectjweaver-1.8.10.jar": Invalid CEN header (invalid zip64 extra data field size)
#20 15.70 [ERROR] /usr/src/atsea/src/main/java/com/docker/atsea/AtSeaApp.java:[1,1] cannot access com.docker.atsea
#20 15.70 [ERROR]   ZipException opening "aspectjweaver-1.8.10.jar": Invalid CEN header (invalid zip64 extra data field size)
#20 15.70 [ERROR] /usr/src/atsea/src/main/java/com/docker/atsea/controller/OrderController.java:[25,8] cannot access java.lang
#20 15.70 [ERROR]   ZipException opening "aspectjweaver-1.8.10.jar": Invalid CEN header (invalid zip64 extra data field size)
#20 15.70 [ERROR] /usr/src/atsea/src/main/java/com/docker/atsea/controller/OrderController.java:[23,2] cannot find symbol
#20 15.70 [ERROR]   symbol: class RestController
#20 15.70 [ERROR] /usr/src/atsea/src/main/java/com/docker/atsea/controller/OrderController.java:[24,2] cannot find symbol
#20 15.70 [ERROR]   symbol: class RequestMapping
#20 15.70 [ERROR] /usr/src/atsea/src/main/java/com/docker/atsea/controller/OrderController.java:[27,29] cannot find symbol
#20 15.70 [ERROR]   symbol:   class Logger
#20 15.70 [ERROR]   location: class com.docker.atsea.controller.OrderController
#20 15.70 [ERROR] /usr/src/atsea/src/main/java/com/docker/atsea/controller/OrderController.java:[30,9] cannot find symbol
#20 15.70 [ERROR]   symbol:   class OrderService
#20 15.70 [ERROR]   location: class com.docker.atsea.controller.OrderController
#20 15.70 [ERROR] /usr/src/atsea/src/main/java/com/docker/atsea/controller/OrderController.java:[39,59] cannot find symbol
#20 15.70 [ERROR]   symbol:   class Order
#20 15.70 [ERROR]   location: class com.docker.atsea.controller.OrderController
#20 15.70 [ERROR] /usr/src/atsea/src/main/java/com/docker/atsea/controller/OrderController.java:[39,72] cannot find symbol
#20 15.70 [ERROR]   symbol:   class UriComponentsBuilder
#20 15.70 [ERROR]   location: class com.docker.atsea.controller.OrderController
#20 15.70 [ERROR] /usr/src/atsea/src/main/java/com/docker/atsea/controller/OrderController.java:[39,16] cannot find symbol
#20 15.70 [ERROR]   symbol:   class ResponseEntity
#20 15.70 [ERROR]   location: class com.docker.atsea.controller.OrderController
#20 15.70 [ERROR] /usr/src/atsea/src/main/java/com/docker/atsea/controller/OrderController.java:[63,16] cannot find symbol
#20 15.70 [ERROR]   symbol:   class ResponseEntity
#20 15.70 [ERROR]   location: class com.docker.atsea.controller.OrderController
#20 15.70 [ERROR] /usr/src/atsea/src/main/java/com/docker/atsea/controller/OrderController.java:[80,16] cannot find symbol
#20 15.70 [ERROR]   symbol:   class ResponseEntity
#20 15.70 [ERROR]   location: class com.docker.atsea.controller.OrderController
#20 15.70 [ERROR] /usr/src/atsea/src/main/java/com/docker/atsea/controller/OrderController.java:[80,31] cannot find symbol
#20 15.70 [ERROR]   symbol:   class List
#20 15.70 [ERROR]   location: class com.docker.atsea.controller.OrderController
#20 15.70 [ERROR] /usr/src/atsea/src/main/java/com/docker/atsea/controller/OrderController.java:[80,36] cannot find symbol
#20 15.70 [ERROR]   symbol:   class Order
#20 15.70 [ERROR]   location: class com.docker.atsea.controller.OrderController
#20 15.70 [ERROR] /usr/src/atsea/src/main/java/com/docker/atsea/controller/OrderController.java:[93,16] cannot find symbol
#20 15.70 [ERROR]   symbol:   class ResponseEntity
#20 15.70 [ERROR]   location: class com.docker.atsea.controller.OrderController
#20 15.70 [ERROR] /usr/src/atsea/src/main/java/com/docker/atsea/controller/OrderController.java:[107,98] cannot find symbol
#20 15.70 [ERROR]   symbol:   class Order
#20 15.70 [ERROR]   location: class com.docker.atsea.controller.OrderController
#20 15.70 [ERROR] /usr/src/atsea/src/main/java/com/docker/atsea/controller/OrderController.java:[107,16] cannot find symbol
#20 15.70 [ERROR]   symbol:   class ResponseEntity
#20 15.70 [ERROR]   location: class com.docker.atsea.controller.OrderController
#20 15.70 [ERROR] /usr/src/atsea/src/main/java/com/docker/atsea/controller/ProductController.java:[21,8] cannot access com.docker
#20 15.70 [ERROR]   ZipException opening "aspectjweaver-1.8.10.jar": Invalid CEN header (invalid zip64 extra data field size)
#20 15.70 [ERROR] /usr/src/atsea/src/main/java/com/docker/atsea/controller/ProductController.java:[19,2] cannot find symbol
#20 15.70 [ERROR]   symbol: class RestController
#20 15.70 [ERROR] /usr/src/atsea/src/main/java/com/docker/atsea/controller/ProductController.java:[20,2] cannot find symbol
#20 15.70 [ERROR]   symbol: class RequestMapping
#20 15.70 [ERROR] /usr/src/atsea/src/main/java/com/docker/atsea/controller/ProductController.java:[22,29] cannot find symbol
#20 15.70 [ERROR]   symbol:   class Logger
#20 15.70 [ERROR]   location: class com.docker.atsea.controller.ProductController
#20 15.70 [ERROR] /usr/src/atsea/src/main/java/com/docker/atsea/controller/ProductController.java:[25,9] cannot find symbol
#20 15.70 [ERROR]   symbol:   class ProductService
#20 15.70 [ERROR]   location: class com.docker.atsea.controller.ProductController
#20 15.70 [ERROR] /usr/src/atsea/src/main/java/com/docker/atsea/controller/ProductController.java:[35,16] cannot find symbol
#20 15.70 [ERROR]   symbol:   class ResponseEntity
#20 15.70 [ERROR]   location: class com.docker.atsea.controller.ProductController
#20 15.70 [ERROR] /usr/src/atsea/src/main/java/com/docker/atsea/controller/ProductController.java:[35,31] cannot find symbol
#20 15.70 [ERROR]   symbol:   class List
#20 15.70 [ERROR]   location: class com.docker.atsea.controller.ProductController
#20 15.70 [ERROR] /usr/src/atsea/src/main/java/com/docker/atsea/controller/ProductController.java:[35,36] cannot find symbol
#20 15.70 [ERROR]   symbol:   class Product
#20 15.70 [ERROR]   location: class com.docker.atsea.controller.ProductController
#20 15.70 [ERROR] /usr/src/atsea/src/main/java/com/docker/atsea/controller/ProductController.java:[47,16] cannot find symbol
#20 15.70 [ERROR]   symbol:   class ResponseEntity
#20 15.70 [ERROR]   location: class com.docker.atsea.controller.ProductController
#20 15.70 [ERROR] /usr/src/atsea/src/main/java/com/docker/atsea/configuration/BeanConfiguration.java:[14,8] cannot access com
#20 15.70 [ERROR]   ZipException opening "aspectjweaver-1.8.10.jar": Invalid CEN header (invalid zip64 extra data field size)
#20 15.70 [ERROR] /usr/src/atsea/src/main/java/com/docker/atsea/configuration/BeanConfiguration.java:[17,16] cannot find symbol
#20 15.70 [ERROR]   symbol:   class CustomerService
#20 15.70 [ERROR]   location: class com.docker.atsea.configuration.BeanConfiguration
#20 15.70 [ERROR] /usr/src/atsea/src/main/java/com/docker/atsea/configuration/BeanConfiguration.java:[22,16] cannot find symbol
#20 15.70 [ERROR]   symbol:   class OrderService
#20 15.70 [ERROR]   location: class com.docker.atsea.configuration.BeanConfiguration
#20 15.70 [ERROR] /usr/src/atsea/src/main/java/com/docker/atsea/configuration/BeanConfiguration.java:[27,16] cannot find symbol
#20 15.70 [ERROR]   symbol:   class ProductService
#20 15.70 [ERROR]   location: class com.docker.atsea.configuration.BeanConfiguration
#20 15.70 [ERROR] /usr/src/atsea/src/main/java/com/docker/atsea/configuration/BeanConfiguration.java:[34,16] cannot find symbol
#20 15.70 [ERROR]   symbol:   class ComboPooledDataSource
#20 15.70 [ERROR]   location: class com.docker.atsea.configuration.BeanConfiguration
#20 15.70 [ERROR] /usr/src/atsea/src/main/java/com/docker/atsea/repositories/ProductRepository.java:[3,8] cannot access org
#20 15.70 [ERROR]   ZipException opening "aspectjweaver-1.8.10.jar": Invalid CEN header (invalid zip64 extra data field size)
#20 15.70 [ERROR] /usr/src/atsea/src/main/java/com/docker/atsea/repositories/ProductRepository.java:[3,11] cannot access org.springframework
#20 15.70 [ERROR]   ZipException opening "aspectjweaver-1.8.10.jar": Invalid CEN header (invalid zip64 extra data field size)
#20 15.70 [ERROR] /usr/src/atsea/src/main/java/com/docker/atsea/repositories/ProductRepository.java:[3,47] import requires canonical name for <any>.data.jpa.repository.JpaRepository
#20 15.70 [ERROR] /usr/src/atsea/src/main/java/com/docker/atsea/repositories/ProductRepository.java:[4,27] cannot access org.springframework.stereotype
#20 15.70 [ERROR]   ZipException opening "aspectjweaver-1.8.10.jar": Invalid CEN header (invalid zip64 extra data field size)
#20 15.70 [ERROR] /usr/src/atsea/src/main/java/com/docker/atsea/repositories/ProductRepository.java:[4,38] package org.springframework.stereotype does not exist
#20 15.70 [ERROR] /usr/src/atsea/src/main/java/com/docker/atsea/repositories/ProductRepository.java:[5,27] cannot access org.springframework.transaction
#20 15.70 [ERROR]   ZipException opening "aspectjweaver-1.8.10.jar": Invalid CEN header (invalid zip64 extra data field size)
#20 15.70 [ERROR] /usr/src/atsea/src/main/java/com/docker/atsea/repositories/ProductRepository.java:[5,39] cannot access org.springframework.transaction.annotation
#20 15.70 [ERROR]   ZipException opening "aspectjweaver-1.8.10.jar": Invalid CEN header (invalid zip64 extra data field size)
#20 15.70 [ERROR] /usr/src/atsea/src/main/java/com/docker/atsea/repositories/ProductRepository.java:[5,50] import requires canonical name for <any>.Transactional
#20 15.70 [ERROR] /usr/src/atsea/src/main/java/com/docker/atsea/repositories/ProductRepository.java:[7,30] cannot find symbol
#20 15.70 [ERROR]   symbol:   class Product
#20 15.70 [ERROR]   location: package com.docker.atsea.model
#20 15.70 [ERROR] /usr/src/atsea/src/main/java/com/docker/atsea/repositories/ProductRepository.java:[11,44] cannot find symbol
#20 15.70 [ERROR]   symbol: class JpaRepository
#20 15.70 [ERROR] /usr/src/atsea/src/main/java/com/docker/atsea/repositories/ProductRepository.java:[9,2] cannot find symbol
#20 15.70 [ERROR]   symbol: class Repository
#20 15.70 [ERROR] /usr/src/atsea/src/main/java/com/docker/atsea/repositories/ProductRepository.java:[10,2] cannot find symbol
#20 15.70 [ERROR]   symbol: class Transactional
#20 15.70 [ERROR] /usr/src/atsea/src/main/java/com/docker/atsea/repositories/ProductRepository.java:[11,58] cannot find symbol
#20 15.70 [ERROR]   symbol: class Product
#20 15.70 [ERROR] /usr/src/atsea/src/main/java/com/docker/atsea/repositories/ProductRepository.java:[11,67] cannot find symbol
#20 15.70 [ERROR]   symbol: class Long
#20 15.70 [ERROR] /usr/src/atsea/src/main/java/com/docker/atsea/repositories/ProductRepository.java:[13,9] cannot find symbol
#20 15.70 [ERROR]   symbol:   class Product
#20 15.70 [ERROR]   location: interface com.docker.atsea.repositories.ProductRepository
#20 15.70 [ERROR] /usr/src/atsea/src/main/java/com/docker/atsea/controller/UtilityController.java:[3,11] cannot access org.json
#20 15.70 [ERROR]   ZipException opening "aspectjweaver-1.8.10.jar": Invalid CEN header (invalid zip64 extra data field size)
#20 15.70 [ERROR] /usr/src/atsea/src/main/java/com/docker/atsea/controller/UtilityController.java:[3,16] cannot access org.json.simple
#20 15.70 [ERROR]   ZipException opening "aspectjweaver-1.8.10.jar": Invalid CEN header (invalid zip64 extra data field size)
#20 15.70 [ERROR] /usr/src/atsea/src/main/java/com/docker/atsea/controller/UtilityController.java:[3,23] import requires canonical name for <any>.JSONObject
#20 15.70 [ERROR] /usr/src/atsea/src/main/java/com/docker/atsea/controller/UtilityController.java:[4,27] cannot access org.springframework.beans
#20 15.70 [ERROR]   ZipException opening "aspectjweaver-1.8.10.jar": Invalid CEN header (invalid zip64 extra data field size)
#20 15.70 [ERROR] /usr/src/atsea/src/main/java/com/docker/atsea/controller/UtilityController.java:[4,33] cannot access org.springframework.beans.factory
#20 15.70 [ERROR]   ZipException opening "aspectjweaver-1.8.10.jar": Invalid CEN header (invalid zip64 extra data field size)
#20 15.70 [ERROR] /usr/src/atsea/src/main/java/com/docker/atsea/controller/UtilityController.java:[4,52] import requires canonical name for <any>.annotation.Autowired
#20 15.70 [ERROR] /usr/src/atsea/src/main/java/com/docker/atsea/controller/UtilityController.java:[5,27] cannot access org.springframework.http
#20 15.70 [ERROR]   ZipException opening "aspectjweaver-1.8.10.jar": Invalid CEN header (invalid zip64 extra data field size)
#20 15.70 [ERROR] /usr/src/atsea/src/main/java/com/docker/atsea/controller/UtilityController.java:[5,32] package org.springframework.http does not exist
#20 15.70 [ERROR] /usr/src/atsea/src/main/java/com/docker/atsea/controller/UtilityController.java:[6,32] package org.springframework.http does not exist
#20 15.70 [ERROR] /usr/src/atsea/src/main/java/com/docker/atsea/controller/UtilityController.java:[7,27] cannot access org.springframework.web
#20 15.70 [ERROR]   ZipException opening "aspectjweaver-1.8.10.jar": Invalid CEN header (invalid zip64 extra data field size)
#20 15.70 [ERROR] /usr/src/atsea/src/main/java/com/docker/atsea/controller/UtilityController.java:[7,31] cannot access org.springframework.web.bind
#20 15.70 [ERROR]   ZipException opening "aspectjweaver-1.8.10.jar": Invalid CEN header (invalid zip64 extra data field size)
#20 15.70 [ERROR] /usr/src/atsea/src/main/java/com/docker/atsea/controller/UtilityController.java:[7,47] import requires canonical name for <any>.annotation.RequestMapping
#20 15.70 [ERROR] /usr/src/atsea/src/main/java/com/docker/atsea/controller/UtilityController.java:[8,36] cannot access org.springframework.web.bind.annotation
#20 15.70 [ERROR]   ZipException opening "aspectjweaver-1.8.10.jar": Invalid CEN header (invalid zip64 extra data field size)
#20 15.70 [ERROR] /usr/src/atsea/src/main/java/com/docker/atsea/controller/UtilityController.java:[8,47] package org.springframework.web.bind.annotation does not exist
#20 15.70 [ERROR] /usr/src/atsea/src/main/java/com/docker/atsea/controller/UtilityController.java:[9,47] package org.springframework.web.bind.annotation does not exist
#20 15.70 [ERROR] /usr/src/atsea/src/main/java/com/docker/atsea/controller/UtilityController.java:[11,29] cannot find symbol
#20 15.70 [ERROR]   symbol:   class CustomErrorType
#20 15.70 [ERROR]   location: package com.docker.atsea.util
#20 15.70 [ERROR] /usr/src/atsea/src/main/java/com/docker/atsea/controller/UtilityController.java:[13,27] cannot access org.springframework.jdbc
#20 15.70 [ERROR]   ZipException opening "aspectjweaver-1.8.10.jar": Invalid CEN header (invalid zip64 extra data field size)
#20 15.70 [ERROR] /usr/src/atsea/src/main/java/com/docker/atsea/controller/UtilityController.java:[13,32] cannot access org.springframework.jdbc.core
#20 15.70 [ERROR]   ZipException opening "aspectjweaver-1.8.10.jar": Invalid CEN header (invalid zip64 extra data field size)
#20 15.70 [ERROR] /usr/src/atsea/src/main/java/com/docker/atsea/controller/UtilityController.java:[13,37] import requires canonical name for <any>.JdbcTemplate
#20 15.70 [ERROR] /usr/src/atsea/src/main/java/com/docker/atsea/controller/UtilityController.java:[14,11] cannot access org.slf4j
#20 15.70 [ERROR]   ZipException opening "aspectjweaver-1.8.10.jar": Invalid CEN header (invalid zip64 extra data field size)
#20 15.70 [ERROR] /usr/src/atsea/src/main/java/com/docker/atsea/controller/UtilityController.java:[14,17] package org.slf4j does not exist
#20 15.70 [ERROR] /usr/src/atsea/src/main/java/com/docker/atsea/controller/UtilityController.java:[15,17] package org.slf4j does not exist
#20 15.70 [ERROR] /usr/src/atsea/src/main/java/com/docker/atsea/controller/UtilityController.java:[17,8] cannot access java
#20 15.70 [ERROR]   ZipException opening "aspectjweaver-1.8.10.jar": Invalid CEN header (invalid zip64 extra data field size)
#20 15.70 [ERROR] /usr/src/atsea/src/main/java/com/docker/atsea/controller/UtilityController.java:[17,12] cannot access java.net
#20 15.70 [ERROR]   ZipException opening "aspectjweaver-1.8.10.jar": Invalid CEN header (invalid zip64 extra data field size)
#20 15.70 [ERROR] /usr/src/atsea/src/main/java/com/docker/atsea/controller/UtilityController.java:[17,16] import requires canonical name for <any>.InetAddress
#20 15.70 [ERROR] /usr/src/atsea/src/main/java/com/docker/atsea/controller/UtilityController.java:[21,2] cannot find symbol
#20 15.70 [ERROR]   symbol: class RestController
#20 15.70 [ERROR] /usr/src/atsea/src/main/java/com/docker/atsea/controller/UtilityController.java:[22,2] cannot find symbol
#20 15.70 [ERROR]   symbol: class RequestMapping
#20 15.70 [ERROR] /usr/src/atsea/src/main/java/com/docker/atsea/controller/UtilityController.java:[25,29] cannot find symbol
#20 15.70 [ERROR]   symbol:   class Logger
#20 15.70 [ERROR]   location: class com.docker.atsea.controller.UtilityController
#20 15.70 [ERROR] /usr/src/atsea/src/main/java/com/docker/atsea/controller/UtilityController.java:[28,9] cannot find symbol
#20 15.70 [ERROR]   symbol:   class JdbcTemplate
#20 15.70 [ERROR]   location: class com.docker.atsea.controller.UtilityController
#20 15.70 [ERROR] /usr/src/atsea/src/main/java/com/docker/atsea/controller/UtilityController.java:[34,12] cannot find symbol
#20 15.70 [ERROR]   symbol:   class ResponseEntity
#20 15.70 [ERROR]   location: class com.docker.atsea.controller.UtilityController
#20 15.70 [ERROR] /usr/src/atsea/src/main/java/com/docker/atsea/controller/UtilityController.java:[53,16] cannot find symbol
#20 15.70 [ERROR]   symbol:   class ResponseEntity
#20 15.70 [ERROR]   location: class com.docker.atsea.controller.UtilityController
#20 15.70 [ERROR] /usr/src/atsea/src/main/java/com/docker/atsea/configuration/JpaConfiguration.java:[3,12] cannot access java.util
#20 15.70 [ERROR]   ZipException opening "aspectjweaver-1.8.10.jar": Invalid CEN header (invalid zip64 extra data field size)
#20 15.70 [ERROR] /usr/src/atsea/src/main/java/com/docker/atsea/configuration/JpaConfiguration.java:[4,12] cannot access java.io
#20 15.70 [ERROR]   ZipException opening "aspectjweaver-1.8.10.jar": Invalid CEN header (invalid zip64 extra data field size)
#20 15.70 [ERROR] /usr/src/atsea/src/main/java/com/docker/atsea/configuration/JpaConfiguration.java:[8,8] cannot access javax
#20 15.70 [ERROR]   ZipException opening "aspectjweaver-1.8.10.jar": Invalid CEN header (invalid zip64 extra data field size)
#20 15.70 [ERROR] /usr/src/atsea/src/main/java/com/docker/atsea/configuration/JpaConfiguration.java:[8,13] cannot access javax.naming
#20 15.70 [ERROR]   ZipException opening "aspectjweaver-1.8.10.jar": Invalid CEN header (invalid zip64 extra data field size)
#20 15.70 [ERROR] /usr/src/atsea/src/main/java/com/docker/atsea/configuration/JpaConfiguration.java:[8,20] import requires canonical name for <any>.NamingException
#20 15.70 [ERROR] /usr/src/atsea/src/main/java/com/docker/atsea/configuration/JpaConfiguration.java:[9,13] cannot access javax.persistence
#20 15.70 [ERROR]   ZipException opening "aspectjweaver-1.8.10.jar": Invalid CEN header (invalid zip64 extra data field size)
#20 15.70 [ERROR] /usr/src/atsea/src/main/java/com/docker/atsea/configuration/JpaConfiguration.java:[9,25] package javax.persistence does not exist
#20 15.70 [ERROR] /usr/src/atsea/src/main/java/com/docker/atsea/configuration/JpaConfiguration.java:[10,13] cannot access javax.sql
#20 15.70 [ERROR]   ZipException opening "aspectjweaver-1.8.10.jar": Invalid CEN header (invalid zip64 extra data field size)
#20 15.70 [ERROR] /usr/src/atsea/src/main/java/com/docker/atsea/configuration/JpaConfiguration.java:[12,11] cannot access org.apache
#20 15.70 [ERROR]   ZipException opening "aspectjweaver-1.8.10.jar": Invalid CEN header (invalid zip64 extra data field size)
#20 15.70 [ERROR] /usr/src/atsea/src/main/java/com/docker/atsea/configuration/JpaConfiguration.java:[12,18] cannot access org.apache.commons
#20 15.70 [ERROR]   ZipException opening "aspectjweaver-1.8.10.jar": Invalid CEN header (invalid zip64 extra data field size)
#20 15.70 [ERROR] /usr/src/atsea/src/main/java/com/docker/atsea/configuration/JpaConfiguration.java:[12,32] import requires canonical name for <any>.lang3.StringUtils
#20 15.70 [ERROR] /usr/src/atsea/src/main/java/com/docker/atsea/configuration/JpaConfiguration.java:[13,41] cannot access org.springframework.beans.factory.annotation
#20 15.70 [ERROR]   ZipException opening "aspectjweaver-1.8.10.jar": Invalid CEN header (invalid zip64 extra data field size)
#20 15.70 [ERROR] /usr/src/atsea/src/main/java/com/docker/atsea/configuration/JpaConfiguration.java:[13,52] package org.springframework.beans.factory.annotation does not exist
#20 15.70 [ERROR] /usr/src/atsea/src/main/java/com/docker/atsea/configuration/JpaConfiguration.java:[14,27] cannot access org.springframework.boot
#20 15.70 [ERROR]   ZipException opening "aspectjweaver-1.8.10.jar": Invalid CEN header (invalid zip64 extra data field size)
#20 15.70 [ERROR] /usr/src/atsea/src/main/java/com/docker/atsea/configuration/JpaConfiguration.java:[14,32] cannot access org.springframework.boot.autoconfigure
#20 15.70 [ERROR]   ZipException opening "aspectjweaver-1.8.10.jar": Invalid CEN header (invalid zip64 extra data field size)
#20 15.70 [ERROR] /usr/src/atsea/src/main/java/com/docker/atsea/configuration/JpaConfiguration.java:[14,51] import requires canonical name for <any>.jdbc.DataSourceBuilder
#20 15.70 [ERROR] /usr/src/atsea/src/main/java/com/docker/atsea/configuration/JpaConfiguration.java:[15,46] cannot access org.springframework.boot.autoconfigure.jdbc
#20 15.70 [ERROR]   ZipException opening "aspectjweaver-1.8.10.jar": Invalid CEN header (invalid zip64 extra data field size)
#20 15.70 [ERROR] -> [Help 1]
#20 15.70 [ERROR] 
#20 15.70 [ERROR] To see the full stack trace of the errors, re-run Maven with the -e switch.
#20 15.70 [ERROR] Re-run Maven using the -X switch to enable full debug logging.
#20 15.70 [ERROR] 
#20 15.70 [ERROR] For more information about the errors and possible solutions, please read the following articles:
#20 15.70 [ERROR] [Help 1] http://cwiki.apache.org/confluence/display/MAVEN/MojoFailureException
#20 ERROR: process "/bin/sh -c mvn -B -s /usr/share/maven/ref/settings-docker.xml package -DskipTests" did not complete successfully: exit code: 1

#15 [storefront 4/5] RUN npm install
#15 CANCELED
------
 > [appserver 6/6] RUN mvn -B -s /usr/share/maven/ref/settings-docker.xml package -DskipTests:
15.70 [ERROR] /usr/src/atsea/src/main/java/com/docker/atsea/configuration/JpaConfiguration.java:[14,51] import requires canonical name for <any>.jdbc.DataSourceBuilder
15.70 [ERROR] /usr/src/atsea/src/main/java/com/docker/atsea/configuration/JpaConfiguration.java:[15,46] cannot access org.springframework.boot.autoconfigure.jdbc
15.70 [ERROR]   ZipException opening "aspectjweaver-1.8.10.jar": Invalid CEN header (invalid zip64 extra data field size)
15.70 [ERROR] -> [Help 1]
15.70 [ERROR] 
15.70 [ERROR] To see the full stack trace of the errors, re-run Maven with the -e switch.
15.70 [ERROR] Re-run Maven using the -X switch to enable full debug logging.
15.70 [ERROR] 
15.70 [ERROR] For more information about the errors and possible solutions, please read the following articles:
15.70 [ERROR] [Help 1] http://cwiki.apache.org/confluence/display/MAVEN/MojoFailureException
------
Dockerfile:12

--------------------

  10 |     RUN mvn -B -f pom.xml -s /usr/share/maven/ref/settings-docker.xml dependency:resolve

  11 |     COPY . .

  12 | >>> RUN mvn -B -s /usr/share/maven/ref/settings-docker.xml package -DskipTests

  13 |     

  14 |     FROM alpine/java:17.0.9-jdk

--------------------

failed to solve: process "/bin/sh -c mvn -B -s /usr/share/maven/ref/settings-docker.xml package -DskipTests" did not complete successfully: exit code: 1

